,Country,year,wellbeing,education
0,Afghanistan,2008,3.72,0.342
1,Albania,2008,5.06,0.644
2,Argentina,2008,5.96,0.801
3,Armenia,2008,4.65,0.712
4,Australia,2008,7.25,0.914
5,Austria,2008,7.18,0.809
6,Bangladesh,2008,5.05,0.391
7,Belgium,2008,7.12,0.865
8,Benin,2008,3.67,0.377
9,Botswana,2008,5.45,0.628
10,Brazil,2008,6.69,0.608
11,Bulgaria,2008,3.87,0.747
12,Burundi,2008,3.56,0.323
13,Cambodia,2008,4.46,0.425
14,Cameroon,2008,4.29,0.434
15,Canada,2008,7.49,0.836
16,Central African Republic,2008,3.96,0.294
17,Chile,2008,5.79,0.76
18,China,2008,4.85,0.577
19,Colombia,2008,6.17,0.614
20,Costa Rica,2008,6.85,0.642
21,Croatia,2008,5.63,0.742
22,Cyprus,2008,6.63,0.768
23,Denmark,2008,7.97,0.897
24,Dominican Republic,2008,4.84,0.598
25,Ecuador,2008,5.3,0.629
26,Egypt,2008,4.63,0.54
27,El Salvador,2008,5.19,0.557
28,Estonia,2008,5.45,0.858
29,Finland,2008,7.67,0.897
30,France,2008,7.01,0.776
31,Germany,2008,6.52,0.919
32,Ghana,2008,4.97,0.511
33,Greece,2008,6.34,0.785
34,Guatemala,2008,6.41,0.423
35,Haiti,2008,3.85,0.389
36,Honduras,2008,5.42,0.461
37,Hong Kong,2008,5.14,0.798
38,Hungary,2008,4.92,0.808
39,Iceland,2008,6.89,0.846
40,India,2008,5.15,0.464
41,Indonesia,2008,4.82,0.559
42,Iraq,2008,4.59,0.493
43,Ireland,2008,7.57,0.88
44,Israel,2008,7.26,0.851
45,Italy,2008,6.78,0.771
46,Japan,2008,5.91,0.792
47,Jordan,2008,4.93,0.704
48,Kazakhstan,2008,5.89,0.79
49,Kenya,2008,4.02,0.484
50,Kyrgyzstan,2008,4.74,0.69
51,Latvia,2008,5.15,0.857
52,Lithuania,2008,5.55,0.873
53,Malawi,2008,5.02,0.406
54,Malaysia,2008,5.81,0.664
55,Mali,2008,4.11,0.26
56,Mauritania,2008,4.25,0.317
57,Mexico,2008,6.83,0.627
58,Mongolia,2008,4.49,0.685
59,Mozambique,2008,4.65,0.36
60,Nepal,2008,4.44,0.393
61,Netherlands,2008,7.63,0.866
62,New Zealand,2008,7.38,0.894
63,Nicaragua,2008,5.1,0.506
64,Niger,2008,4.24,0.162
65,Norway,2008,7.63,0.905
66,Pakistan,2008,4.41,0.332
67,Panama,2008,6.93,0.663
68,Paraguay,2008,5.57,0.582
69,Peru,2008,5.13,0.653
70,Philippines,2008,4.59,0.624
71,Poland,2008,5.83,0.815
72,Portugal,2008,5.72,0.688
73,Romania,2008,5.38,0.777
74,Rwanda,2008,4.36,0.394
75,Saudi Arabia,2008,6.81,0.649
76,Senegal,2008,4.68,0.29
77,Serbia,2008,4.57,0.724
78,Sierra Leone,2008,3.0,0.334
79,Singapore,2008,6.64,0.751
80,Slovakia,2008,5.66,0.788
81,Slovenia,2008,5.82,0.868
82,South Africa,2008,5.35,0.681
83,Spain,2008,7.29,0.759
84,Sri Lanka,2008,4.43,0.738
85,Sweden,2008,7.52,0.843
86,Tajikistan,2008,5.06,0.673
87,Thailand,2008,5.64,0.611
88,Togo,2008,2.81,0.436
89,Trinidad and Tobago,2008,6.7,0.705
90,Turkey,2008,5.12,0.553
91,Uganda,2008,4.57,0.473
92,Ukraine,2008,5.17,0.786
93,United Kingdom,2008,6.99,0.872
94,Uruguay,2008,5.66,0.688
95,Yemen,2008,4.64,0.311
96,Zambia,2008,4.73,0.522
97,Zimbabwe,2008,3.17,0.509
98,Afghanistan,2009,4.4,0.352
99,Albania,2009,5.49,0.65
100,Argentina,2009,6.42,0.81
101,Armenia,2009,4.18,0.729
102,Australia,2009,7.35,0.916
103,Austria,2009,7.24,0.819
104,Bahrain,2009,5.7,0.651
105,Bangladesh,2009,5.08,0.409
106,Belgium,2009,6.99,0.87
107,Benin,2009,3.73,0.389
108,Botswana,2009,4.5,0.632
109,Brazil,2009,7.0,0.61
110,Bulgaria,2009,3.89,0.752
111,Burundi,2009,3.79,0.359
112,Cambodia,2009,4.11,0.428
113,Cameroon,2009,4.74,0.448
114,Canada,2009,7.49,0.838
115,Central African Republic,2009,3.77,0.296
116,Chile,2009,6.49,0.784
117,China,2009,4.45,0.586
118,Colombia,2009,6.27,0.617
119,Costa Rica,2009,7.61,0.65
120,Croatia,2009,5.43,0.746
121,Cyprus,2009,6.83,0.781
122,Denmark,2009,7.68,0.891
123,Dominican Republic,2009,5.43,0.601
124,Ecuador,2009,6.02,0.633
125,Egypt,2009,5.07,0.54
126,El Salvador,2009,6.84,0.56
127,Estonia,2009,5.14,0.863
128,Finland,2009,7.53,0.892
129,France,2009,6.28,0.778
130,Germany,2009,6.64,0.923
131,Ghana,2009,4.2,0.516
132,Greece,2009,6.04,0.794
133,Guatemala,2009,6.45,0.43
134,Haiti,2009,3.81,0.394
135,Honduras,2009,6.03,0.469
136,Hong Kong,2009,5.4,0.807
137,Hungary,2009,4.89,0.826
138,Iceland,2009,7.06,0.849
139,India,2009,4.52,0.466
140,Indonesia,2009,5.47,0.579
141,Iraq,2009,4.78,0.498
142,Ireland,2009,7.05,0.877
143,Israel,2009,7.35,0.855
144,Italy,2009,6.33,0.774
145,Japan,2009,5.84,0.796
146,Jordan,2009,6.0,0.697
147,Kazakhstan,2009,5.38,0.786
148,Kenya,2009,4.27,0.494
149,Kuwait,2009,6.59,0.596
150,Kyrgyzstan,2009,5.07,0.693
151,Latvia,2009,4.67,0.852
152,Lithuania,2009,5.47,0.852
153,Luxembourg,2009,6.96,0.774
154,Malawi,2009,5.15,0.421
155,Malaysia,2009,5.38,0.676
156,Mali,2009,3.98,0.27
157,Malta,2009,6.33,0.744
158,Mauritania,2009,4.5,0.333
159,Mexico,2009,6.96,0.637
160,Mongolia,2009,4.54,0.701
161,Mozambique,2009,4.76,0.366
162,Nepal,2009,4.92,0.414
163,Netherlands,2009,7.57,0.865
164,New Zealand,2009,7.3,0.897
165,Nicaragua,2009,5.35,0.513
166,Niger,2009,4.27,0.17
167,Norway,2009,7.64,0.905
168,Pakistan,2009,5.21,0.339
169,Panama,2009,7.03,0.665
170,Paraguay,2009,5.58,0.576
171,Peru,2009,5.52,0.656
172,Philippines,2009,4.88,0.615
173,Poland,2009,5.77,0.822
174,Portugal,2009,5.41,0.702
175,Qatar,2009,6.42,0.657
176,Romania,2009,5.37,0.786
177,Rwanda,2009,4.03,0.416
178,Saudi Arabia,2009,6.15,0.664
179,Senegal,2009,4.34,0.294
180,Serbia,2009,4.38,0.726
181,Sierra Leone,2009,3.57,0.342
182,Singapore,2009,6.14,0.754
183,Slovakia,2009,5.86,0.795
184,Slovenia,2009,5.83,0.873
185,South Africa,2009,5.22,0.694
186,Spain,2009,6.2,0.765
187,Sri Lanka,2009,4.21,0.738
188,Sudan,2009,4.45,0.305
189,Sweden,2009,7.27,0.845
190,Switzerland,2009,7.52,0.873
191,Tajikistan,2009,4.58,0.671
192,Thailand,2009,5.48,0.618
193,Tunisia,2009,5.03,0.614
194,Turkey,2009,5.21,0.569
195,Uganda,2009,4.61,0.477
196,Ukraine,2009,5.17,0.787
197,United Arab Emirates,2009,6.87,0.659
198,United Kingdom,2009,6.91,0.884
199,Uruguay,2009,6.3,0.698
200,Yemen,2009,4.81,0.319
201,Zambia,2009,5.26,0.524
202,Zimbabwe,2009,4.06,0.516
203,Afghanistan,2010,4.76,0.372
204,Albania,2010,5.27,0.671
205,Algeria,2010,5.46,0.626
206,Argentina,2010,6.44,0.818
207,Armenia,2010,4.37,0.734
208,Australia,2010,7.45,0.919
209,Austria,2010,7.3,0.837
210,Bahrain,2010,5.94,0.654
211,Bangladesh,2010,4.86,0.432
212,Belgium,2010,6.85,0.871
213,Benin,2010,3.8,0.4
214,Botswana,2010,3.55,0.636
215,Brazil,2010,6.84,0.619
216,Bulgaria,2010,3.91,0.761
217,Burundi,2010,3.75,0.376
218,Cambodia,2010,4.14,0.444
219,Cameroon,2010,4.55,0.461
220,Canada,2010,7.65,0.842
221,Central African Republic,2010,3.57,0.307
222,Chile,2010,6.64,0.722
223,China,2010,4.65,0.602
224,Colombia,2010,6.41,0.634
225,Costa Rica,2010,7.27,0.65
226,Croatia,2010,5.6,0.753
227,Cyprus,2010,6.39,0.767
228,Denmark,2010,7.77,0.895
229,Dominican Republic,2010,4.74,0.606
230,Ecuador,2010,5.84,0.646
231,Egypt,2010,4.67,0.551
232,El Salvador,2010,6.74,0.586
233,Estonia,2010,5.31,0.872
234,Finland,2010,7.39,0.897
235,France,2010,6.8,0.783
236,Germany,2010,6.72,0.925
237,Ghana,2010,4.61,0.526
238,Greece,2010,5.84,0.793
239,Guatemala,2010,6.29,0.437
240,Haiti,2010,3.77,0.399
241,Honduras,2010,5.87,0.477
242,Hong Kong,2010,5.64,0.808
243,Hungary,2010,4.73,0.83
244,Iceland,2010,7.24,0.853
245,India,2010,4.99,0.478
246,Indonesia,2010,5.46,0.586
247,Iraq,2010,5.07,0.503
248,Ireland,2010,7.26,0.857
249,Israel,2010,7.36,0.86
250,Italy,2010,6.35,0.778
251,Japan,2010,6.06,0.802
252,Jordan,2010,5.57,0.685
253,Kazakhstan,2010,5.51,0.781
254,Kenya,2010,4.26,0.501
255,Kuwait,2010,6.8,0.599
256,Kyrgyzstan,2010,5.0,0.697
257,Latvia,2010,4.82,0.85
258,Lithuania,2010,5.07,0.854
259,Luxembourg,2010,7.1,0.78
260,Malawi,2010,4.55,0.428
261,Malaysia,2010,5.58,0.687
262,Mali,2010,3.76,0.277
263,Malta,2010,5.77,0.769
264,Mauritania,2010,4.77,0.338
265,Mexico,2010,6.8,0.634
266,Mongolia,2010,4.59,0.721
267,Morocco,2010,4.38,0.449
268,Mozambique,2010,4.87,0.373
269,Nepal,2010,4.35,0.442
270,Netherlands,2010,7.5,0.871
271,New Zealand,2010,7.22,0.899
272,Nicaragua,2010,5.69,0.52
273,Niger,2010,4.1,0.18
274,Norway,2010,7.66,0.912
275,Pakistan,2010,5.79,0.345
276,Panama,2010,7.32,0.665
277,Paraguay,2010,5.84,0.599
278,Peru,2010,5.61,0.652
279,Philippines,2010,4.94,0.622
280,Poland,2010,5.89,0.832
281,Portugal,2010,5.09,0.712
282,Qatar,2010,6.85,0.637
283,Romania,2010,4.91,0.783
284,Rwanda,2010,4.06,0.437
285,Saudi Arabia,2010,6.31,0.691
286,Senegal,2010,4.37,0.301
287,Serbia,2010,4.46,0.722
288,Sierra Leone,2010,4.13,0.349
289,Singapore,2010,6.53,0.788
290,Slovakia,2010,6.05,0.802
291,Slovenia,2010,6.08,0.878
292,South Africa,2010,4.65,0.696
293,Spain,2010,6.19,0.781
294,Sri Lanka,2010,3.98,0.739
295,Sudan,2010,4.44,0.306
296,Sweden,2010,7.5,0.853
297,Tajikistan,2010,4.38,0.671
298,Thailand,2010,6.22,0.611
299,Tunisia,2010,5.13,0.625
300,Turkey,2010,5.49,0.602
301,Uganda,2010,4.19,0.493
302,Ukraine,2010,5.06,0.788
303,United Arab Emirates,2010,7.1,0.669
304,United Kingdom,2010,7.03,0.896
305,Uruguay,2010,6.06,0.707
306,Yemen,2010,4.35,0.325
307,Zambia,2010,5.13,0.526
308,Zimbabwe,2010,4.68,0.523
309,Afghanistan,2011,3.83,0.374
310,Albania,2011,5.87,0.714
311,Algeria,2011,5.32,0.644
312,Argentina,2011,6.78,0.824
313,Armenia,2011,4.26,0.737
314,Australia,2011,7.41,0.922
315,Austria,2011,7.47,0.838
316,Bahrain,2011,4.82,0.664
317,Bangladesh,2011,4.99,0.446
318,Belgium,2011,7.11,0.873
319,Benin,2011,3.87,0.411
320,Botswana,2011,3.52,0.641
321,Brazil,2011,7.04,0.622
322,Bulgaria,2011,3.88,0.765
323,Burundi,2011,3.71,0.392
324,Cambodia,2011,4.16,0.449
325,Cameroon,2011,4.43,0.478
326,Canada,2011,7.43,0.842
327,Central African Republic,2011,3.68,0.317
328,Chile,2011,6.53,0.744
329,China,2011,5.04,0.63
330,Colombia,2011,6.46,0.638
331,Costa Rica,2011,7.23,0.679
332,Croatia,2011,5.39,0.772
333,Cyprus,2011,6.69,0.771
334,Denmark,2011,7.79,0.924
335,Dominican Republic,2011,5.4,0.611
336,Ecuador,2011,5.8,0.651
337,Egypt,2011,4.17,0.556
338,El Salvador,2011,4.74,0.57
339,Estonia,2011,5.49,0.876
340,Finland,2011,7.35,0.901
341,France,2011,6.96,0.787
342,Gabon,2011,4.26,0.604
343,Germany,2011,6.62,0.93
344,Ghana,2011,5.61,0.533
345,Greece,2011,5.37,0.795
346,Guatemala,2011,5.74,0.443
347,Guinea,2011,4.04,0.309
348,Haiti,2011,4.84,0.407
349,Honduras,2011,4.96,0.48
350,Hong Kong,2011,5.47,0.807
351,Hungary,2011,4.92,0.813
352,Iceland,2011,7.42,0.868
353,India,2011,4.63,0.491
354,Indonesia,2011,5.17,0.598
355,Iraq,2011,4.73,0.511
356,Ireland,2011,7.01,0.862
357,Israel,2011,7.43,0.871
358,Italy,2011,6.06,0.787
359,Jamaica,2011,5.37,0.689
360,Japan,2011,6.26,0.813
361,Jordan,2011,5.54,0.68
362,Kazakhstan,2011,5.74,0.791
363,Kenya,2011,4.41,0.508
364,Kuwait,2011,6.38,0.601
365,Kyrgyzstan,2011,4.92,0.697
366,Latvia,2011,4.97,0.848
367,Lesotho,2011,4.9,0.498
368,Lithuania,2011,5.43,0.86
369,Luxembourg,2011,7.1,0.78
370,Malawi,2011,3.95,0.433
371,Malaysia,2011,5.79,0.694
372,Mali,2011,4.67,0.283
373,Malta,2011,6.15,0.763
374,Mauritania,2011,4.78,0.344
375,Mauritius,2011,5.48,0.681
376,Mexico,2011,6.91,0.649
377,Mongolia,2011,5.03,0.734
378,Morocco,2011,5.08,0.463
379,Mozambique,2011,4.97,0.344
380,Nepal,2011,3.81,0.454
381,Netherlands,2011,7.56,0.896
382,New Zealand,2011,7.19,0.901
383,Nicaragua,2011,5.39,0.524
384,Niger,2011,4.56,0.189
385,Norway,2011,7.67,0.914
386,Pakistan,2011,5.27,0.349
387,Panama,2011,7.25,0.662
388,Paraguay,2011,5.68,0.604
389,Peru,2011,5.89,0.678
390,Philippines,2011,4.99,0.633
391,Poland,2011,5.65,0.833
392,Portugal,2011,5.22,0.721
393,Qatar,2011,6.59,0.651
394,Romania,2011,5.02,0.777
395,Rwanda,2011,4.1,0.437
396,Saudi Arabia,2011,6.7,0.719
397,Senegal,2011,3.83,0.304
398,Serbia,2011,4.82,0.744
399,Sierra Leone,2011,4.5,0.357
400,Singapore,2011,6.56,0.796
401,Slovakia,2011,5.95,0.818
402,Slovenia,2011,6.04,0.878
403,South Africa,2011,4.93,0.674
404,Spain,2011,6.52,0.795
405,Sri Lanka,2011,4.18,0.743
406,Sudan,2011,4.31,0.301
407,Sweden,2011,7.38,0.851
408,Tajikistan,2011,4.26,0.668
409,Thailand,2011,6.66,0.626
410,Togo,2011,2.94,0.477
411,Trinidad and Tobago,2011,6.52,0.713
412,Tunisia,2011,4.88,0.635
413,Turkey,2011,5.27,0.622
414,Uganda,2011,4.83,0.487
415,Ukraine,2011,5.08,0.787
416,United Arab Emirates,2011,7.12,0.678
417,United Kingdom,2011,6.87,0.872
418,Uruguay,2011,6.55,0.717
419,Yemen,2011,3.75,0.343
420,Zambia,2011,5.0,0.526
421,Zimbabwe,2011,4.85,0.526
422,Afghanistan,2012,3.78,0.39
423,Albania,2012,5.51,0.739
424,Algeria,2012,5.6,0.639
425,Argentina,2012,6.47,0.822
426,Armenia,2012,4.32,0.736
427,Australia,2012,7.2,0.928
428,Austria,2012,7.4,0.841
429,Bahrain,2012,5.03,0.664
430,Bangladesh,2012,4.72,0.456
431,Belgium,2012,6.94,0.874
432,Benin,2012,3.19,0.433
433,Botswana,2012,4.84,0.645
434,Brazil,2012,6.66,0.628
435,Bulgaria,2012,4.22,0.77
436,Burundi,2012,3.44,0.399
437,Cambodia,2012,3.9,0.455
438,Cameroon,2012,4.24,0.501
439,Canada,2012,7.42,0.849
440,Chile,2012,6.6,0.751
441,China,2012,5.09,0.647
442,Colombia,2012,6.37,0.644
443,Costa Rica,2012,7.27,0.686
444,Croatia,2012,6.03,0.777
445,Cyprus,2012,6.18,0.777
446,Denmark,2012,7.52,0.925
447,Dominican Republic,2012,4.75,0.616
448,Ecuador,2012,5.96,0.695
449,Egypt,2012,4.2,0.571
450,El Salvador,2012,5.93,0.577
451,Estonia,2012,5.36,0.877
452,Finland,2012,7.42,0.904
453,France,2012,6.65,0.792
454,Gabon,2012,3.97,0.608
455,Germany,2012,6.7,0.933
456,Ghana,2012,5.06,0.53
457,Greece,2012,5.1,0.805
458,Guatemala,2012,5.86,0.45
459,Guinea,2012,3.65,0.322
460,Haiti,2012,4.41,0.411
461,Honduras,2012,4.6,0.474
462,Hong Kong,2012,5.48,0.824
463,Hungary,2012,4.68,0.818
464,Iceland,2012,7.59,0.883
465,India,2012,4.72,0.505
466,Indonesia,2012,5.37,0.607
467,Iraq,2012,4.66,0.506
468,Ireland,2012,6.96,0.877
469,Israel,2012,7.11,0.875
470,Italy,2012,5.84,0.787
471,Jamaica,2012,5.54,0.685
472,Japan,2012,5.97,0.823
473,Jordan,2012,5.13,0.685
474,Kazakhstan,2012,5.76,0.801
475,Kenya,2012,4.55,0.515
476,Kuwait,2012,6.22,0.608
477,Kyrgyzstan,2012,5.21,0.71
478,Latvia,2012,5.13,0.843
479,Libya,2012,5.75,0.616
480,Lithuania,2012,5.77,0.855
481,Luxembourg,2012,6.96,0.779
482,Malawi,2012,4.28,0.436
483,Malaysia,2012,5.91,0.696
484,Mali,2012,4.31,0.284
485,Malta,2012,5.96,0.777
486,Mauritania,2012,4.67,0.359
487,Mauritius,2012,5.53,0.699
488,Mexico,2012,7.32,0.658
489,Mongolia,2012,4.89,0.738
490,Morocco,2012,4.97,0.48
491,Mozambique,2012,4.87,0.345
492,Myanmar,2012,4.44,0.417
493,Nepal,2012,4.23,0.478
494,Netherlands,2012,7.47,0.897
495,New Zealand,2012,7.25,0.903
496,Nicaragua,2012,5.45,0.529
497,Niger,2012,3.8,0.2
498,Norway,2012,7.68,0.907
499,Pakistan,2012,5.13,0.351
500,Panama,2012,6.86,0.668
501,Paraguay,2012,5.82,0.605
502,Peru,2012,5.82,0.689
503,Philippines,2012,5.0,0.644
504,Poland,2012,5.88,0.817
505,Portugal,2012,4.99,0.73
506,Qatar,2012,6.61,0.682
507,Romania,2012,5.17,0.763
508,Rwanda,2012,3.33,0.442
509,Saudi Arabia,2012,6.4,0.747
510,Senegal,2012,3.67,0.33
511,Serbia,2012,5.15,0.739
512,Sierra Leone,2012,4.51,0.364
513,Singapore,2012,6.55,0.808
514,Slovakia,2012,5.91,0.824
515,Slovenia,2012,6.06,0.859
516,South Africa,2012,5.13,0.685
517,Spain,2012,6.29,0.803
518,Sri Lanka,2012,4.22,0.744
519,Sudan,2012,4.55,0.311
520,Sweden,2012,7.56,0.854
521,Switzerland,2012,7.78,0.885
522,Tajikistan,2012,4.5,0.668
523,Thailand,2012,6.3,0.626
524,Trinidad and Tobago,2012,6.34,0.701
525,Tunisia,2012,4.46,0.633
526,Turkey,2012,5.31,0.643
527,Uganda,2012,4.31,0.483
528,Ukraine,2012,5.03,0.791
529,United Arab Emirates,2012,7.22,0.687
530,United Kingdom,2012,6.88,0.866
531,Uruguay,2012,6.45,0.727
532,Yemen,2012,4.06,0.335
533,Zambia,2012,5.01,0.529
534,Zimbabwe,2012,4.96,0.549
535,Afghanistan,2013,3.57,0.398
536,Albania,2013,4.55,0.749
537,Algeria,2013,5.98,0.639
538,Argentina,2013,6.58,0.822
539,Armenia,2013,4.28,0.743
540,Australia,2013,7.36,0.906
541,Austria,2013,7.5,0.833
542,Bahrain,2013,6.69,0.674
543,Bangladesh,2013,4.66,0.457
544,Belgium,2013,7.1,0.88
545,Benin,2013,3.48,0.454
546,Botswana,2013,4.13,0.649
547,Brazil,2013,7.14,0.668
548,Bulgaria,2013,3.99,0.785
549,Burundi,2013,3.17,0.408
550,Cambodia,2013,3.67,0.46
551,Cameroon,2013,4.27,0.517
552,Canada,2013,7.59,0.864
553,Chile,2013,6.74,0.758
554,China,2013,5.24,0.677
555,Colombia,2013,6.61,0.644
556,Costa Rica,2013,7.16,0.694
557,Croatia,2013,5.89,0.785
558,Cyprus,2013,5.44,0.788
559,Denmark,2013,7.59,0.926
560,Dominican Republic,2013,5.02,0.619
561,Ecuador,2013,6.02,0.697
562,Egypt,2013,3.56,0.583
563,El Salvador,2013,6.33,0.576
564,Estonia,2013,5.37,0.875
565,Finland,2013,7.44,0.925
566,France,2013,6.67,0.801
567,Gabon,2013,3.8,0.612
568,Germany,2013,6.97,0.931
569,Ghana,2013,4.97,0.538
570,Greece,2013,4.72,0.812
571,Guatemala,2013,5.98,0.453
572,Guinea,2013,3.9,0.333
573,Haiti,2013,4.62,0.417
574,Honduras,2013,4.71,0.474
575,Hong Kong,2013,5.47,0.828
576,Hungary,2013,4.91,0.834
577,Iceland,2013,7.5,0.898
578,India,2013,4.43,0.514
579,Indonesia,2013,5.29,0.614
580,Iraq,2013,4.73,0.501
581,Ireland,2013,6.76,0.893
582,Israel,2013,7.32,0.874
583,Italy,2013,6.01,0.785
584,Jamaica,2013,5.71,0.681
585,Japan,2013,5.96,0.83
586,Jordan,2013,5.17,0.669
587,Kazakhstan,2013,5.84,0.802
588,Kenya,2013,3.8,0.522
589,Kuwait,2013,6.48,0.601
590,Kyrgyzstan,2013,5.4,0.71
591,Latvia,2013,5.07,0.851
592,Libya,2013,5.71,0.613
593,Lithuania,2013,5.6,0.857
594,Luxembourg,2013,7.13,0.778
595,Malawi,2013,4.04,0.45
596,Malaysia,2013,5.77,0.701
597,Mali,2013,3.68,0.279
598,Malta,2013,6.38,0.789
599,Mauritania,2013,4.2,0.371
600,Mauritius,2013,5.59,0.707
601,Mexico,2013,7.44,0.652
602,Mongolia,2013,4.91,0.742
603,Morocco,2013,5.14,0.495
604,Mozambique,2013,4.76,0.364
605,Myanmar,2013,4.18,0.427
606,Nepal,2013,4.6,0.492
607,Netherlands,2013,7.41,0.9
608,New Zealand,2013,7.28,0.905
609,Nicaragua,2013,5.77,0.536
610,Niger,2013,3.72,0.209
611,Norway,2013,7.56,0.915
612,Pakistan,2013,5.14,0.356
613,Panama,2013,6.87,0.674
614,Paraguay,2013,5.94,0.624
615,Peru,2013,5.78,0.697
616,Philippines,2013,4.98,0.655
617,Poland,2013,5.75,0.853
618,Portugal,2013,5.16,0.739
619,Qatar,2013,6.53,0.651
620,Romania,2013,5.08,0.767
621,Rwanda,2013,3.47,0.451
622,Saudi Arabia,2013,6.5,0.77
623,Senegal,2013,3.65,0.342
624,Serbia,2013,5.1,0.74
625,Sierra Leone,2013,4.51,0.372
626,Singapore,2013,6.53,0.813
627,Slovakia,2013,5.94,0.823
628,Slovenia,2013,5.97,0.881
629,South Africa,2013,3.66,0.695
630,Spain,2013,6.15,0.804
631,Sri Lanka,2013,4.36,0.747
632,Sudan,2013,4.34,0.323
633,Sweden,2013,7.43,0.907
634,Switzerland,2013,7.63,0.888
635,Tajikistan,2013,4.97,0.667
636,Thailand,2013,6.23,0.615
637,Trinidad and Tobago,2013,6.17,0.7
638,Tunisia,2013,5.25,0.638
639,Turkey,2013,4.89,0.682
640,Uganda,2013,3.71,0.489
641,Ukraine,2013,4.71,0.791
642,United Arab Emirates,2013,6.62,0.697
643,United Kingdom,2013,6.92,0.912
644,Uruguay,2013,6.44,0.735
645,Yemen,2013,4.22,0.345
646,Zambia,2013,5.24,0.532
647,Zimbabwe,2013,4.69,0.55
648,Afghanistan,2014,3.13,0.403
649,Albania,2014,4.81,0.758
650,Algeria,2014,6.35,0.652
651,Argentina,2014,6.67,0.826
652,Armenia,2014,4.45,0.746
653,Australia,2014,7.29,0.908
654,Austria,2014,6.95,0.854
655,Bahrain,2014,6.17,0.685
656,Bangladesh,2014,4.64,0.451
657,Belgium,2014,6.86,0.883
658,Benin,2014,3.35,0.46
659,Botswana,2014,4.03,0.653
660,Brazil,2014,6.98,0.674
661,Bulgaria,2014,4.44,0.793
662,Burundi,2014,2.9,0.419
663,Cambodia,2014,3.88,0.465
664,Cameroon,2014,4.24,0.522
665,Canada,2014,7.3,0.874
666,Chile,2014,6.84,0.783
667,China,2014,5.2,0.703
668,Colombia,2014,6.45,0.664
669,Costa Rica,2014,7.25,0.712
670,Croatia,2014,5.38,0.797
671,Cyprus,2014,5.63,0.793
672,Denmark,2014,7.51,0.927
673,Dominican Republic,2014,5.39,0.641
674,Ecuador,2014,5.95,0.695
675,Egypt,2014,4.89,0.586
676,El Salvador,2014,5.86,0.568
677,Estonia,2014,5.56,0.87
678,Finland,2014,7.38,0.921
679,France,2014,6.47,0.811
680,Gabon,2014,3.92,0.618
681,Germany,2014,6.98,0.933
682,Ghana,2014,3.86,0.545
683,Greece,2014,4.76,0.831
684,Guatemala,2014,6.54,0.51
685,Guinea,2014,3.41,0.34
686,Haiti,2014,3.89,0.424
687,Honduras,2014,5.06,0.479
688,Hong Kong,2014,5.46,0.844
689,Hungary,2014,5.18,0.821
690,Iceland,2014,7.5,0.906
691,India,2014,4.42,0.53
692,Indonesia,2014,5.6,0.615
693,Iraq,2014,4.54,0.501
694,Ireland,2014,7.02,0.91
695,Israel,2014,7.4,0.879
696,Italy,2014,6.03,0.786
697,Jamaica,2014,5.31,0.681
698,Japan,2014,5.92,0.838
699,Jordan,2014,5.33,0.672
700,Kazakhstan,2014,5.97,0.806
701,Kenya,2014,4.9,0.528
702,Kuwait,2014,6.18,0.612
703,Kyrgyzstan,2014,5.25,0.719
704,Latvia,2014,5.73,0.861
705,Libya,2014,5.66,0.609
706,Lithuania,2014,6.13,0.878
707,Luxembourg,2014,6.89,0.783
708,Malawi,2014,4.56,0.456
709,Malaysia,2014,5.96,0.708
710,Mali,2014,3.97,0.285
711,Malta,2014,6.45,0.798
712,Mauritania,2014,4.48,0.381
713,Mauritius,2014,5.65,0.729
714,Mexico,2014,6.68,0.661
715,Mongolia,2014,4.82,0.746
716,Morocco,2014,5.15,0.511
717,Mozambique,2014,4.66,0.367
718,Myanmar,2014,4.79,0.431
719,Namibia,2014,4.57,0.565
720,Nepal,2014,4.98,0.499
721,Netherlands,2014,7.32,0.903
722,New Zealand,2014,7.31,0.907
723,Nicaragua,2014,6.28,0.553
724,Niger,2014,4.18,0.217
725,Norway,2014,7.44,0.907
726,Pakistan,2014,5.44,0.365
727,Panama,2014,6.63,0.681
728,Paraguay,2014,5.12,0.624
729,Peru,2014,5.87,0.719
730,Philippines,2014,5.31,0.661
731,Poland,2014,5.75,0.849
732,Portugal,2014,5.13,0.751
733,Qatar,2014,6.45,0.634
734,Romania,2014,5.73,0.765
735,Rwanda,2014,3.6,0.453
736,Saudi Arabia,2014,6.28,0.787
737,Senegal,2014,4.39,0.345
738,Serbia,2014,5.11,0.754
739,Sierra Leone,2014,4.5,0.374
740,Singapore,2014,7.06,0.843
741,Slovakia,2014,6.14,0.821
742,Slovenia,2014,5.68,0.876
743,South Africa,2014,4.83,0.705
744,Spain,2014,6.46,0.816
745,Sri Lanka,2014,4.27,0.749
746,Sudan,2014,4.14,0.327
747,Sweden,2014,7.24,0.909
748,Switzerland,2014,7.49,0.877
749,Tajikistan,2014,4.9,0.664
750,Thailand,2014,6.99,0.629
751,Togo,2014,2.84,0.491
752,Tunisia,2014,4.76,0.64
753,Turkey,2014,5.58,0.7
754,Uganda,2014,3.77,0.495
755,Ukraine,2014,4.3,0.8
756,United Arab Emirates,2014,6.54,0.711
757,United Kingdom,2014,6.76,0.92
758,Uruguay,2014,6.56,0.741
759,Yemen,2014,3.97,0.343
760,Zambia,2014,4.35,0.532
761,Zimbabwe,2014,4.18,0.557
762,Afghanistan,2015,3.98,0.405
763,Albania,2015,4.61,0.753
764,Algeria,2015,5.85,0.659
765,Argentina,2015,6.7,0.832
766,Armenia,2015,4.35,0.75
767,Australia,2015,7.31,0.918
768,Austria,2015,7.08,0.861
769,Bahrain,2015,6.01,0.755
770,Bangladesh,2015,4.63,0.479
771,Belgium,2015,6.9,0.89
772,Benin,2015,3.62,0.473
773,Botswana,2015,3.76,0.657
774,Brazil,2015,6.55,0.677
775,Bulgaria,2015,4.87,0.794
776,Burundi,2015,3.12,0.424
777,Cambodia,2015,4.16,0.468
778,Cameroon,2015,5.04,0.536
779,Canada,2015,7.41,0.88
780,Chile,2015,6.53,0.791
781,China,2015,5.3,0.732
782,Colombia,2015,6.39,0.664
783,Costa Rica,2015,6.85,0.71
784,Croatia,2015,5.21,0.802
785,Cyprus,2015,5.44,0.792
786,Denmark,2015,7.51,0.918
787,Dominican Republic,2015,5.06,0.652
788,Ecuador,2015,5.96,0.717
789,Egypt,2015,4.76,0.597
790,El Salvador,2015,6.02,0.562
791,Estonia,2015,5.63,0.878
792,Finland,2015,7.45,0.923
793,France,2015,6.36,0.812
794,Gabon,2015,4.66,0.623
795,Germany,2015,7.04,0.934
796,Ghana,2015,3.99,0.538
797,Greece,2015,5.62,0.833
798,Guatemala,2015,6.46,0.512
799,Guinea,2015,3.5,0.343
800,Haiti,2015,3.57,0.43
801,Honduras,2015,4.85,0.479
802,Hong Kong,2015,5.48,0.85
803,Hungary,2015,5.34,0.823
804,Iceland,2015,7.5,0.906
805,India,2015,4.34,0.54
806,Indonesia,2015,5.04,0.622
807,Iraq,2015,4.49,0.506
808,Ireland,2015,6.83,0.91
809,Israel,2015,7.08,0.88
810,Italy,2015,5.85,0.784
811,Jamaica,2015,5.5,0.687
812,Japan,2015,5.88,0.839
813,Jordan,2015,5.4,0.674
814,Kazakhstan,2015,5.95,0.806
815,Kenya,2015,4.36,0.534
816,Kuwait,2015,6.15,0.623
817,Kyrgyzstan,2015,4.91,0.724
818,Latvia,2015,5.88,0.864
819,Libya,2015,5.62,0.606
820,Lithuania,2015,5.71,0.883
821,Luxembourg,2015,6.7,0.788
822,Malawi,2015,3.87,0.457
823,Malaysia,2015,6.32,0.713
824,Mali,2015,4.58,0.274
825,Malta,2015,6.61,0.802
826,Mauritania,2015,3.92,0.385
827,Mauritius,2015,5.63,0.721
828,Mexico,2015,6.24,0.672
829,Mongolia,2015,4.98,0.752
830,Morocco,2015,5.16,0.518
831,Mozambique,2015,4.55,0.373
832,Myanmar,2015,4.22,0.436
833,Namibia,2015,4.53,0.569
834,Nepal,2015,4.81,0.509
835,Netherlands,2015,7.32,0.906
836,New Zealand,2015,7.42,0.914
837,Nicaragua,2015,5.92,0.555
838,Niger,2015,3.67,0.226
839,Norway,2015,7.6,0.912
840,Pakistan,2015,4.82,0.372
841,Panama,2015,6.61,0.681
842,Paraguay,2015,5.56,0.635
843,Peru,2015,5.58,0.709
844,Philippines,2015,5.55,0.665
845,Poland,2015,6.01,0.855
846,Portugal,2015,5.08,0.767
847,Qatar,2015,6.37,0.642
848,Romania,2015,5.78,0.767
849,Rwanda,2015,3.48,0.452
850,Saudi Arabia,2015,6.35,0.802
851,Senegal,2015,4.62,0.354
852,Serbia,2015,5.32,0.766
853,Sierra Leone,2015,4.91,0.382
854,Singapore,2015,6.62,0.875
855,Slovakia,2015,6.16,0.823
856,Slovenia,2015,5.74,0.875
857,South Africa,2015,4.89,0.72
858,Spain,2015,6.38,0.827
859,Sri Lanka,2015,4.61,0.751
860,Sweden,2015,7.29,0.912
861,Switzerland,2015,7.57,0.885
862,Tajikistan,2015,5.12,0.663
863,Thailand,2015,6.2,0.64
864,Togo,2015,3.77,0.495
865,Tunisia,2015,5.13,0.645
866,Turkey,2015,5.51,0.704
867,Uganda,2015,4.24,0.501
868,Ukraine,2015,3.96,0.791
869,United Arab Emirates,2015,6.57,0.735
870,United Kingdom,2015,6.52,0.911
871,Uruguay,2015,6.63,0.743
872,Yemen,2015,2.98,0.342
873,Zambia,2015,4.84,0.538
874,Zimbabwe,2015,3.7,0.56
875,Afghanistan,2016,4.22,0.406
876,Albania,2016,4.51,0.745
877,Algeria,2016,5.34,0.66
878,Argentina,2016,6.43,0.834
879,Armenia,2016,4.33,0.744
880,Australia,2016,7.25,0.919
881,Austria,2016,7.05,0.862
882,Bahrain,2016,6.17,0.768
883,Bangladesh,2016,4.56,0.496
884,Belgium,2016,6.95,0.893
885,Benin,2016,4.01,0.472
886,Botswana,2016,3.5,0.659
887,Brazil,2016,6.37,0.684
888,Bulgaria,2016,4.84,0.793
889,Burundi,2016,3.34,0.429
890,Cambodia,2016,4.46,0.472
891,Cameroon,2016,4.82,0.54
892,Canada,2016,7.24,0.884
893,Central African Republic,2016,2.69,0.345
894,Chile,2016,6.58,0.799
895,China,2016,5.32,0.757
896,Colombia,2016,6.23,0.673
897,Costa Rica,2016,7.14,0.714
898,Croatia,2016,5.42,0.802
899,Cyprus,2016,5.79,0.808
900,Denmark,2016,7.56,0.917
901,Dominican Republic,2016,5.24,0.655
902,Ecuador,2016,6.12,0.704
903,Egypt,2016,4.56,0.604
904,El Salvador,2016,6.14,0.566
905,Estonia,2016,5.65,0.882
906,Finland,2016,7.66,0.924
907,France,2016,6.48,0.809
908,Gabon,2016,4.83,0.628
909,Germany,2016,6.87,0.937
910,Ghana,2016,4.51,0.556
911,Greece,2016,5.3,0.824
912,Guatemala,2016,6.36,0.511
913,Guinea,2016,3.6,0.347
914,Haiti,2016,3.35,0.437
915,Honduras,2016,5.65,0.492
916,Hong Kong,2016,5.5,0.859
917,Hungary,2016,5.45,0.818
918,Iceland,2016,7.51,0.912
919,India,2016,4.18,0.544
920,Indonesia,2016,5.14,0.634
921,Iraq,2016,4.41,0.51
922,Ireland,2016,7.04,0.918
923,Israel,2016,7.16,0.881
924,Italy,2016,5.95,0.785
925,Jamaica,2016,5.7,0.687
926,Japan,2016,5.95,0.846
927,Jordan,2016,5.27,0.672
928,Kazakhstan,2016,5.53,0.809
929,Kenya,2016,4.4,0.535
930,Kuwait,2016,5.95,0.629
931,Kyrgyzstan,2016,4.86,0.723
932,Latvia,2016,5.94,0.871
933,Lesotho,2016,3.81,0.521
934,Libya,2016,5.43,0.602
935,Lithuania,2016,5.87,0.887
936,Luxembourg,2016,6.97,0.798
937,Malawi,2016,3.48,0.455
938,Malaysia,2016,5.99,0.718
939,Mali,2016,4.02,0.278
940,Malta,2016,6.59,0.813
941,Mauritania,2016,4.47,0.397
942,Mauritius,2016,5.61,0.728
943,Mexico,2016,6.82,0.677
944,Mongolia,2016,5.06,0.731
945,Morocco,2016,5.39,0.538
946,Mozambique,2016,4.41,0.381
947,Myanmar,2016,4.62,0.44
948,Namibia,2016,4.49,0.571
949,Nepal,2016,5.1,0.513
950,Netherlands,2016,7.54,0.908
951,New Zealand,2016,7.23,0.919
952,Nicaragua,2016,6.01,0.562
953,Niger,2016,4.23,0.233
954,Norway,2016,7.6,0.918
955,Pakistan,2016,5.55,0.38
956,Panama,2016,6.12,0.692
957,Paraguay,2016,5.8,0.631
958,Peru,2016,5.7,0.718
959,Philippines,2016,5.43,0.663
960,Poland,2016,6.16,0.866
961,Portugal,2016,5.45,0.763
962,Romania,2016,5.97,0.772
963,Rwanda,2016,3.33,0.446
964,Saudi Arabia,2016,6.47,0.803
965,Senegal,2016,4.59,0.355
966,Serbia,2016,5.75,0.775
967,Sierra Leone,2016,4.73,0.387
968,Singapore,2016,6.03,0.892
969,Slovakia,2016,5.99,0.822
970,Slovenia,2016,5.94,0.885
971,South Africa,2016,4.77,0.718
972,Spain,2016,6.32,0.832
973,Sri Lanka,2016,4.47,0.735
974,Sweden,2016,7.37,0.914
975,Switzerland,2016,7.46,0.885
976,Tajikistan,2016,5.1,0.668
977,Thailand,2016,6.07,0.65
978,Togo,2016,3.88,0.5
979,Tunisia,2016,4.52,0.647
980,Turkey,2016,5.33,0.717
981,Uganda,2016,4.23,0.504
982,Ukraine,2016,4.03,0.792
983,United Arab Emirates,2016,6.83,0.743
984,United Kingdom,2016,6.82,0.911
985,Uruguay,2016,6.17,0.753
986,Yemen,2016,3.83,0.341
987,Zambia,2016,4.35,0.544
988,Zimbabwe,2016,3.74,0.565
989,Afghanistan,2017,2.66,0.408
990,Albania,2017,4.64,0.747
991,Algeria,2017,5.25,0.665
992,Argentina,2017,6.04,0.842
993,Armenia,2017,4.29,0.739
994,Australia,2017,7.26,0.923
995,Austria,2017,7.29,0.865
996,Bahrain,2017,6.23,0.77
997,Bangladesh,2017,4.31,0.513
998,Belgium,2017,6.93,0.9
999,Benin,2017,4.85,0.472
1000,Botswana,2017,3.5,0.664
1001,Brazil,2017,6.33,0.689
1002,Bulgaria,2017,5.1,0.785
1003,Burundi,2017,3.56,0.422
1004,Cambodia,2017,4.59,0.476
1005,Cameroon,2017,5.07,0.543
1006,Canada,2017,7.41,0.889
1007,Central African Republic,2017,3.48,0.352
1008,Chile,2017,6.32,0.804
1009,China,2017,5.1,0.787
1010,Colombia,2017,6.16,0.678
1011,Costa Rica,2017,7.23,0.717
1012,Croatia,2017,5.34,0.802
1013,Cyprus,2017,6.06,0.813
1014,Denmark,2017,7.59,0.919
1015,Dominican Republic,2017,5.61,0.657
1016,Ecuador,2017,5.84,0.707
1017,Egypt,2017,3.93,0.605
1018,El Salvador,2017,6.34,0.562
1019,Estonia,2017,5.94,0.881
1020,Finland,2017,7.79,0.926
1021,France,2017,6.64,0.811
1022,Gabon,2017,4.78,0.633
1023,Germany,2017,7.07,0.94
1024,Ghana,2017,5.48,0.555
1025,Greece,2017,5.15,0.833
1026,Guatemala,2017,6.33,0.511
1027,Guinea,2017,4.87,0.348
1028,Haiti,2017,3.82,0.445
1029,Honduras,2017,6.02,0.496
1030,Hong Kong,2017,5.36,0.863
1031,Hungary,2017,6.07,0.816
1032,Iceland,2017,7.48,0.912
1033,India,2017,4.05,0.558
1034,Indonesia,2017,5.1,0.637
1035,Iraq,2017,4.46,0.542
1036,Ireland,2017,7.06,0.918
1037,Israel,2017,7.33,0.879
1038,Italy,2017,6.2,0.785
1039,Jamaica,2017,5.89,0.692
1040,Japan,2017,5.91,0.848
1041,Jordan,2017,4.81,0.662
1042,Kazakhstan,2017,5.88,0.817
1043,Kenya,2017,4.48,0.536
1044,Kuwait,2017,6.09,0.635
1045,Kyrgyzstan,2017,5.63,0.724
1046,Latvia,2017,5.98,0.876
1047,Lesotho,2017,3.8,0.525
1048,Libya,2017,5.65,0.607
1049,Lithuania,2017,6.27,0.89
1050,Luxembourg,2017,7.06,0.802
1051,Malawi,2017,3.42,0.455
1052,Malaysia,2017,5.67,0.724
1053,Mali,2017,4.74,0.282
1054,Malta,2017,6.68,0.816
1055,Mauritania,2017,4.68,0.389
1056,Mauritius,2017,6.17,0.73
1057,Mexico,2017,6.41,0.681
1058,Mongolia,2017,5.33,0.733
1059,Morocco,2017,5.31,0.547
1060,Mozambique,2017,4.28,0.385
1061,Myanmar,2017,4.15,0.452
1062,Namibia,2017,4.44,0.581
1063,Nepal,2017,4.74,0.507
1064,Netherlands,2017,7.46,0.909
1065,New Zealand,2017,7.33,0.923
1066,Nicaragua,2017,6.48,0.566
1067,Niger,2017,4.62,0.245
1068,Norway,2017,7.58,0.926
1069,Pakistan,2017,5.83,0.392
1070,Panama,2017,6.57,0.697
1071,Paraguay,2017,5.71,0.634
1072,Peru,2017,5.71,0.721
1073,Philippines,2017,5.59,0.665
1074,Poland,2017,6.2,0.866
1075,Portugal,2017,5.71,0.763
1076,Romania,2017,6.09,0.764
1077,Rwanda,2017,3.11,0.462
1078,Saudi Arabia,2017,6.29,0.784
1079,Senegal,2017,4.68,0.354
1080,Serbia,2017,5.12,0.778
1081,Sierra Leone,2017,4.09,0.399
1082,Singapore,2017,6.38,0.913
1083,Slovakia,2017,6.37,0.824
1084,Slovenia,2017,6.17,0.893
1085,South Africa,2017,4.51,0.718
1086,Spain,2017,6.23,0.836
1087,Sri Lanka,2017,4.33,0.736
1088,Sweden,2017,7.29,0.914
1089,Switzerland,2017,7.47,0.888
1090,Tajikistan,2017,5.83,0.67
1091,Thailand,2017,5.94,0.665
1092,Togo,2017,4.36,0.507
1093,Trinidad and Tobago,2017,6.19,0.728
1094,Tunisia,2017,4.12,0.653
1095,Turkey,2017,5.61,0.722
1096,Uganda,2017,4.0,0.507
1097,Ukraine,2017,4.31,0.794
1098,United Arab Emirates,2017,7.04,0.783
1099,United Kingdom,2017,7.1,0.913
1100,Uruguay,2017,6.34,0.759
1101,Yemen,2017,3.25,0.341
1102,Zambia,2017,3.93,0.549
1103,Zimbabwe,2017,3.64,0.568
1104,Afghanistan,2018,2.69,0.413
1105,Albania,2018,5.0,0.743
1106,Algeria,2018,5.04,0.668
1107,Argentina,2018,5.79,0.842
1108,Armenia,2018,5.06,0.74
1109,Australia,2018,7.18,0.923
1110,Austria,2018,7.4,0.866
1111,Bahrain,2018,6.66,0.765
1112,Bangladesh,2018,4.5,0.524
1113,Belgium,2018,6.89,0.9
1114,Benin,2018,5.82,0.476
1115,Botswana,2018,3.46,0.666
1116,Brazil,2018,6.19,0.689
1117,Bulgaria,2018,5.1,0.779
1118,Burundi,2018,3.78,0.412
1119,Cambodia,2018,5.12,0.476
1120,Cameroon,2018,5.25,0.546
1121,Canada,2018,7.18,0.893
1122,Chile,2018,6.44,0.805
1123,China,2018,5.13,0.859
1124,Colombia,2018,5.98,0.678
1125,Costa Rica,2018,7.14,0.724
1126,Croatia,2018,5.54,0.803
1127,Cyprus,2018,6.28,0.827
1128,Denmark,2018,7.65,0.921
1129,Dominican Republic,2018,5.43,0.66
1130,Ecuador,2018,6.13,0.709
1131,Egypt,2018,4.01,0.609
1132,El Salvador,2018,6.24,0.553
1133,Estonia,2018,6.09,0.882
1134,Finland,2018,7.86,0.927
1135,France,2018,6.67,0.812
1136,Gabon,2018,4.78,0.639
1137,Germany,2018,7.12,0.943
1138,Ghana,2018,5.0,0.558
1139,Greece,2018,5.41,0.833
1140,Guatemala,2018,6.63,0.511
1141,Guinea,2018,5.25,0.35
1142,Haiti,2018,3.61,0.45
1143,Honduras,2018,5.91,0.499
1144,Hong Kong,2018,5.51,0.871
1145,Hungary,2018,5.94,0.819
1146,Iceland,2018,7.5,0.918
1147,India,2018,3.82,0.553
1148,Indonesia,2018,5.34,0.642
1149,Iraq,2018,4.89,0.554
1150,Ireland,2018,6.96,0.918
1151,Israel,2018,6.93,0.881
1152,Italy,2018,6.52,0.791
1153,Jamaica,2018,6.1,0.691
1154,Japan,2018,5.79,0.85
1155,Jordan,2018,4.64,0.664
1156,Kazakhstan,2018,6.01,0.822
1157,Kenya,2018,4.66,0.536
1158,Kuwait,2018,6.1,0.638
1159,Kyrgyzstan,2018,5.3,0.723
1160,Latvia,2018,5.9,0.883
1161,Lesotho,2018,3.65,0.528
1162,Libya,2018,5.49,0.607
1163,Lithuania,2018,6.31,0.89
1164,Luxembourg,2018,7.24,0.802
1165,Malawi,2018,3.33,0.463
1166,Malaysia,2018,5.34,0.719
1167,Mali,2018,4.42,0.286
1168,Malta,2018,6.91,0.824
1169,Mauritania,2018,4.31,0.392
1170,Mauritius,2018,5.88,0.733
1171,Mexico,2018,6.55,0.694
1172,Mongolia,2018,5.46,0.734
1173,Morocco,2018,4.9,0.559
1174,Mozambique,2018,4.65,0.389
1175,Myanmar,2018,4.41,0.458
1176,Namibia,2018,4.83,0.582
1177,Nepal,2018,4.91,0.516
1178,Netherlands,2018,7.46,0.912
1179,New Zealand,2018,7.37,0.923
1180,Nicaragua,2018,5.82,0.566
1181,Niger,2018,5.16,0.247
1182,Norway,2018,7.44,0.928
1183,Pakistan,2018,5.47,0.392
1184,Panama,2018,6.28,0.697
1185,Paraguay,2018,5.68,0.635
1186,Peru,2018,5.68,0.728
1187,Philippines,2018,5.87,0.667
1188,Poland,2018,6.11,0.866
1189,Portugal,2018,5.92,0.763
1190,Romania,2018,6.15,0.762
1191,Rwanda,2018,3.56,0.462
1192,Saudi Arabia,2018,6.36,0.789
1193,Senegal,2018,4.77,0.356
1194,Serbia,2018,5.94,0.783
1195,Sierra Leone,2018,4.31,0.403
1196,Singapore,2018,6.37,0.921
1197,Slovakia,2018,6.24,0.824
1198,Slovenia,2018,6.25,0.899
1199,South Africa,2018,4.88,0.721
1200,Spain,2018,6.51,0.838
1201,Sri Lanka,2018,4.44,0.741
1202,Sweden,2018,7.37,0.914
1203,Switzerland,2018,7.51,0.9
1204,Tajikistan,2018,5.5,0.673
1205,Thailand,2018,6.01,0.675
1206,Togo,2018,4.02,0.51
1207,Tunisia,2018,4.74,0.659
1208,Turkey,2018,5.19,0.727
1209,Uganda,2018,4.32,0.515
1210,Ukraine,2018,4.66,0.792
1211,United Arab Emirates,2018,6.6,0.802
1212,United Kingdom,2018,7.23,0.918
1213,Uruguay,2018,6.37,0.763
1214,Yemen,2018,3.06,0.347
1215,Zambia,2018,4.04,0.553
1216,Zimbabwe,2018,3.62,0.57
1217,Afghanistan,2019,2.38,0.414
1218,Albania,2019,5.0,0.746
1219,Algeria,2019,4.74,0.672
1220,Argentina,2019,6.09,0.855
1221,Armenia,2019,5.49,0.74
1222,Australia,2019,7.23,0.924
1223,Austria,2019,7.2,0.865
1224,Bahrain,2019,7.1,0.769
1225,Bangladesh,2019,5.11,0.529
1226,Belgium,2019,6.77,0.902
1227,Benin,2019,4.98,0.478
1228,Botswana,2019,3.47,0.676
1229,Brazil,2019,6.45,0.694
1230,Bulgaria,2019,5.11,0.779
1231,Burundi,2019,3.78,0.417
1232,Cambodia,2019,5.0,0.484
1233,Cameroon,2019,4.94,0.547
1234,Canada,2019,7.11,0.894
1235,Central African Republic,2019,3.08,0.353
1236,Chile,2019,5.94,0.81
1237,China,2019,5.14,0.66
1238,Colombia,2019,6.35,0.682
1239,Costa Rica,2019,7.0,0.726
1240,Croatia,2019,5.63,0.805
1241,Cyprus,2019,6.14,0.827
1242,Denmark,2019,7.69,0.92
1243,Dominican Republic,2019,6.0,0.666
1244,Ecuador,2019,5.81,0.702
1245,Egypt,2019,4.33,0.618
1246,El Salvador,2019,6.45,0.555
1247,Estonia,2019,6.03,0.882
1248,Finland,2019,7.78,0.927
1249,France,2019,6.69,0.817
1250,Gabon,2019,4.91,0.65
1251,Germany,2019,7.04,0.943
1252,Ghana,2019,4.97,0.563
1253,Greece,2019,5.95,0.849
1254,Guatemala,2019,6.26,0.519
1255,Guinea,2019,4.77,0.354
1256,Haiti,2019,3.61,0.456
1257,Honduras,2019,5.93,0.499
1258,Hong Kong,2019,5.66,0.88
1259,Hungary,2019,6.0,0.821
1260,Iceland,2019,7.53,0.926
1261,India,2019,3.25,0.555
1262,Indonesia,2019,5.35,0.65
1263,Iraq,2019,4.84,0.557
1264,Ireland,2019,7.25,0.922
1265,Israel,2019,7.33,0.883
1266,Italy,2019,6.45,0.793
1267,Jamaica,2019,6.31,0.689
1268,Japan,2019,5.91,0.851
1269,Jordan,2019,4.45,0.667
1270,Kazakhstan,2019,6.27,0.84
1271,Kenya,2019,4.62,0.534
1272,Kuwait,2019,6.11,0.638
1273,Kyrgyzstan,2019,5.69,0.73
1274,Latvia,2019,5.97,0.883
1275,Lesotho,2019,3.51,0.532
1276,Libya,2019,5.33,0.61
1277,Lithuania,2019,6.06,0.898
1278,Luxembourg,2019,7.4,0.806
1279,Malawi,2019,3.87,0.47
1280,Malaysia,2019,5.43,0.726
1281,Mali,2019,4.99,0.286
1282,Malta,2019,6.73,0.825
1283,Mauritania,2019,4.15,0.396
1284,Mauritius,2019,6.24,0.736
1285,Mexico,2019,6.43,0.703
1286,Mongolia,2019,5.56,0.736
1287,Morocco,2019,5.06,0.569
1288,Mozambique,2019,4.93,0.395
1289,Myanmar,2019,4.43,0.464
1290,Namibia,2019,4.44,0.584
1291,Nepal,2019,5.45,0.521
1292,Netherlands,2019,7.43,0.914
1293,New Zealand,2019,7.21,0.926
1294,Nicaragua,2019,6.11,0.573
1295,Niger,2019,5.0,0.249
1296,Norway,2019,7.44,0.93
1297,Pakistan,2019,4.44,0.402
1298,Panama,2019,6.09,0.7
1299,Paraguay,2019,5.65,0.638
1300,Peru,2019,6.0,0.74
1301,Philippines,2019,6.27,0.678
1302,Poland,2019,6.24,0.869
1303,Portugal,2019,6.1,0.768
1304,Qatar,2019,6.37,0.659
1305,Romania,2019,6.13,0.765
1306,Rwanda,2019,3.27,0.458
1307,Saudi Arabia,2019,6.56,0.789
1308,Senegal,2019,5.49,0.345
1309,Serbia,2019,6.24,0.783
1310,Sierra Leone,2019,3.45,0.406
1311,Singapore,2019,6.38,0.924
1312,Slovakia,2019,6.24,0.826
1313,Slovenia,2019,6.67,0.91
1314,South Africa,2019,5.03,0.724
1315,Spain,2019,6.46,0.831
1316,Sri Lanka,2019,4.21,0.746
1317,Sudan,2019,4.24,0.345
1318,Sweden,2019,7.4,0.918
1319,Switzerland,2019,7.69,0.9
1320,Tajikistan,2019,5.46,0.682
1321,Thailand,2019,6.02,0.682
1322,Togo,2019,4.18,0.517
1323,Trinidad and Tobago,2019,6.19,0.728
1324,Tunisia,2019,4.32,0.661
1325,Turkey,2019,4.87,0.731
1326,Uganda,2019,4.95,0.523
1327,Ukraine,2019,4.7,0.799
1328,United Arab Emirates,2019,6.71,0.802
1329,United Kingdom,2019,7.16,0.928
1330,Uruguay,2019,6.6,0.765
1331,Yemen,2019,4.2,0.35
1332,Zambia,2019,3.31,0.557
1333,Zimbabwe,2019,2.69,0.587
