,country,Code,Year,tertiary percentage,secondary percentage,primary percentage
0,Albania,ALB,2000,3.51,71.4527969360352,95.8898773193359
1,Albania,ALB,2010,0.93,88.4116363525391,92.8130035400391
2,Algeria,DZA,1975,0.38,16.0282707214355,73.81182861328129
3,Algeria,DZA,1980,0.77,30.065149307251,79.61676025390629
4,Algeria,DZA,1985,1.34,45.086509704589794,80.24537658691409
5,Algeria,DZA,1990,1.97,59.1210517883301,85.3903884887695
6,Algeria,DZA,1995,2.53,58.33716964721671,87.8834075927734
7,Algeria,DZA,2000,3.4,64.72483062744139,90.5237197875977
8,Algeria,DZA,2005,3.78,78.7822265625,95.5387573242188
9,Algeria,DZA,2010,6.66,97.1719207763672,98.6604766845703
10,Angola,AGO,2011,0.0,28.8987197875977,87.862060546875
11,Argentina,ARG,1970,2.52,44.50373840332029,94.9729385375977
12,Argentina,ARG,1975,3.64,53.8758888244629,96.38580322265628
13,Argentina,ARG,2000,3.1,96.5234527587891,99.7603530883789
14,Argentina,ARG,2005,3.09,94.005989074707,99.5558624267578
15,Argentina,ARG,2010,2.87,99.801116943359,99.3311996459961
16,Armenia,ARM,2005,11.51,91.05856323242192,87.5530319213867
17,Aruba,ABW,1999,0.0,98.7969207763672,98.27310180664058
18,Australia,AUS,1995,15.87,94.507705688477,94.5284423828125
19,Australia,AUS,2000,13.15,95.610046386719,94.12448120117192
20,Australia,AUS,2005,15.63,98.366104125977,98.45733642578128
21,Australia,AUS,2010,18.52,92.456695556641,99.4950790405273
22,Bahrain,BHR,1975,2.45,58.619010925293,85.2412567138672
23,Bahrain,BHR,1980,3.39,58.995521545410206,82.43894958496091
24,Bahrain,BHR,1985,6.28,92.2691421508789,91.1168975830078
25,Bahrain,BHR,1995,9.17,98.128356933594,99.1021881103516
26,Bahamas,BHS,1975,0.0,98.094352722168,100.0
27,Bangladesh,BGD,1985,1.08,20.144119262695305,61.233180999755895
28,Bangladesh,BGD,1990,1.44,20.400520324707,72.464599609375
29,Bangladesh,BGD,2005,2.11,45.516788482666,95.37301635742192
30,Bangladesh,BGD,2010,2.28,50.1194190979004,94.547737121582
31,Barbados,BRB,1990,2.07,85.429573059082,97.60317993164058
32,Barbados,BRB,2000,0.66,99.61897277832,97.7173614501953
33,Barbados,BRB,2005,1.53,99.550003051758,92.1272125244141
34,Barbados,BRB,2010,2.07,99.902473449707,97.90988159179692
35,Belgium,BEL,1980,9.04,89.71105194091801,99.6944198608398
36,Belgium,BEL,1985,11.2,99.0661087036133,93.2914810180664
37,Belgium,BEL,1995,14.51,99.14074707031298,96.3357315063477
38,Belgium,BEL,2000,14.95,99.674713134766,100.0
39,Belgium,BEL,2005,15.82,99.354248046875,97.5585403442383
40,Belgium,BEL,2010,17.69,99.78588104248,99.6263198852539
41,Belize,BLZ,2000,3.33,67.9743728637695,96.5792922973633
42,Belize,BLZ,2005,3.2,76.5187072753906,95.184928894043
43,Belize,BLZ,2010,3.18,75.3597869873047,98.2406616210938
44,Benin,BEN,1985,0.41,18.6992893218994,50.41601181030271
45,Bolivia,BOL,2000,5.27,71.0725479125977,99.550163269043
46,Botswana,BWA,1970,0.28,6.27089023590088,43.638671875
47,Botswana,BWA,1975,0.25,14.577249526977502,56.6987380981445
48,Botswana,BWA,1980,0.19,18.4916706085205,72.6619567871094
49,Bhutan,BTN,2012,0.0,73.6317672729492,90.7184906005859
50,Botswana,BWA,1985,1.09,28.0736598968506,83.1536636352539
51,Botswana,BWA,1990,1.52,39.7668113708496,85.6291122436523
52,Botswana,BWA,1995,1.9,56.891719818115206,77.342399597168
53,Botswana,BWA,2000,1.73,75.21376037597659,81.91937255859379
54,Botswana,BWA,2005,1.79,78.5254898071289,85.9988021850586
55,Brazil,BRA,2005,3.73,99.2919921875,96.0799331665039
56,Brunei,BRN,1980,3.65,60.7679214477539,82.3609085083008
57,Brunei,BRN,2005,5.65,97.63583374023442,99.9605026245117
58,Brunei,BRN,2010,6.51,99.2443237304688,99.5082778930664
59,Burkina Faso,BFA,1972,0.0,1.31716001033783,10.4877901077271
60,Bulgaria,BGR,2000,9.79,92.5642471313477,98.4506072998047
61,Bulgaria,BGR,2005,11.76,90.4507217407227,94.01400756835942
62,Bulgaria,BGR,2010,13.07,90.42465209960942,99.6329574584961
63,Burundi,BDI,1980,0.19,2.60469007492065,19.170129776001
64,Burundi,BDI,1985,0.25,3.6486599445343,39.65439987182621
65,Burundi,BDI,2005,0.34,12.6990098953247,56.4940414428711
66,Burundi,BDI,2010,0.54,22.8243103027344,91.5841293334961
67,Cambodia,KHM,2000,0.23,17.2312793731689,92.8257598876953
68,Cameroon,CMR,1975,0.15,11.8070001602173,63.6121101379395
69,Cameroon,CMR,1980,0.18,16.641649246215803,66.2570724487305
70,Cameroon,CMR,1990,0.45,25.4520702362061,72.02024841308591
71,Canada,CAN,1985,8.14,98.6762237548828,94.6626205444336
72,Canada,CAN,1990,9.93,99.2891006469727,95.2760467529297
73,Canada,CAN,1995,11.54,99.601043701172,94.2607803344727
74,Canada,CAN,2000,13.89,99.520088195801,99.9220504760742
75,Cape Verde,CPV,2014,0.0,92.5794677734375,98.2441864013672
76,Central African Rep.,CAF,1990,0.87,11.419810295105,57.4131011962891
77,Chile,CHL,2010,5.92,94.5737075805664,96.7335662841797
78,China,CHN,1990,1.08,37.3150405883789,96.84793090820308
79,China,CHN,1995,1.97,51.203731536865206,92.3021774291992
80,Colombia,COL,1985,5.54,45.147098541259794,67.64785003662111
81,Colombia,COL,1995,8.61,61.2564506530762,81.035400390625
82,Colombia,COL,2000,8.66,69.93157958984379,100.0
83,Colombia,COL,2005,6.6,83.40794372558591,99.9574737548828
84,Colombia,COL,2010,18.55,99.020622253418,99.63916778564447
85,Comoros,COM,2013,0.0,59.3322906494141,86.45702362060551
86,Congo,COG,1980,1.09,59.7889595031738,88.97238159179692
87,Costa Rica,CRI,1970,1.75,28.484939575195305,87.6656875610352
88,Costa Rica,CRI,1975,3.62,41.7703094482422,90.2697296142578
89,Costa Rica,CRI,1980,5.5,46.9567794799805,89.21460723876949
90,Costa Rica,CRI,1985,7.39,40.546600341796896,86.0849075317383
91,Costa Rica,CRI,1990,9.71,43.7034111022949,87.7338027954102
92,Costa Rica,CRI,1995,11.94,50.467288970947294,92.44824981689447
93,Croatia,HRV,2000,6.29,85.527473449707,93.98873901367192
94,Croatia,HRV,2005,8.73,93.1465225219727,99.0032424926758
95,Croatia,HRV,2010,11.04,100.713912963867,94.8833465576172
96,Cuba,CUB,1980,3.51,77.5809020996094,97.6105117797852
97,Cuba,CUB,1985,3.64,82.0865097045898,91.2409515380859
98,Cuba,CUB,1990,4.4,89.1097183227539,92.4929885864258
99,Cuba,CUB,1995,5.28,76.1151580810547,97.24420166015628
100,Cuba,CUB,2000,5.59,83.4091262817383,98.2787704467773
101,Cuba,CUB,2005,8.32,92.6437835693359,95.0228424072266
102,Cuba,CUB,2010,13.32,91.8892669677734,99.7892532348633
103,Cyprus,CYP,1975,3.38,63.4163513183594,71.21983337402341
104,Cyprus,CYP,1980,5.79,68.3632431030273,68.7344512939453
105,Cyprus,CYP,1985,8.7,72.3752975463867,69.16623687744139
106,Cyprus,CYP,1990,11.57,64.1650314331055,78.8220977783203
107,Cyprus,CYP,1995,14.6,94.8461685180664,96.2129974365234
108,Cyprus,CYP,2000,15.89,93.3721389770508,98.2091293334961
109,Cyprus,CYP,2005,14.51,96.5432815551758,99.97486114501947
110,Cyprus,CYP,2010,20.75,91.440803527832,99.965446472168
111,Dem. Rep. Congo,COD,1975,0.2,15.283949851989698,70.22415161132811
112,Dem. Rep. Congo,COD,1995,0.65,27.9294300079346,66.0308074951172
113,Denmark,DNK,1985,9.33,99.589210510254,98.8461685180664
114,Denmark,DNK,1990,8.48,99.528022766113,97.740966796875
115,Denmark,DNK,1995,10.37,99.942459106445,98.3201675415039
116,Denmark,DNK,2000,12.31,99.054298400879,99.9333267211914
117,Denmark,DNK,2005,14.53,99.180923461914,98.6472702026367
118,Denmark,DNK,2010,14.98,99.569389343262,98.81934356689447
119,Djibouti,DJI,2015,0.0,47.069019317627,57.3690605163574
120,Dominican Republic,DOM,2000,2.78,59.037380218505895,86.4674530029297
121,Dominican Republic,DOM,2005,2.55,69.7449798583984,84.9076690673828
122,Dominican Republic,DOM,2010,2.06,76.0154571533203,92.80663299560553
123,Ecuador,ECU,1975,1.33,35.6312408447266,80.8083114624023
124,Ecuador,ECU,1980,3.55,49.73735046386721,88.0740509033203
125,Ecuador,ECU,2000,6.98,57.846920013427706,97.6455535888672
126,Ecuador,ECU,2005,6.16,61.8786010742188,99.3765411376953
127,Ecuador,ECU,2010,5.19,88.7389373779297,99.236930847168
128,Egypt,EGY,2000,4.19,80.5147323608398,88.57434844970699
129,Egypt,EGY,2010,6.65,71.50567626953129,99.0743637084961
130,El Salvador,SLV,1970,1.16,20.9278602600098,64.8905868530273
131,El Salvador,SLV,2000,6.54,58.49634170532229,94.0722503662109
132,El Salvador,SLV,2005,6.39,68.5339813232422,99.5500106811523
133,El Salvador,SLV,2010,3.92,72.0208511352539,99.97409057617192
134,Eritrea,ERI,2013,0.0,35.5193099975586,41.7342185974121
135,Estonia,EST,1995,11.41,102.443702697754,87.0345230102539
136,Estonia,EST,2000,15.0,93.8263092041016,98.98123168945308
137,Estonia,EST,2005,16.58,102.789932250977,98.5927505493164
138,Estonia,EST,2010,18.87,105.296241760254,99.41869354248053
139,eSwatini,SWZ,1970,0.66,16.308780670165998,55.8213005065918
140,eSwatini,SWZ,1975,1.1,28.361600875854503,63.968868255615206
141,eSwatini,SWZ,1980,1.63,33.718029022216705,69.91616821289061
142,eSwatini,SWZ,1985,2.09,37.5953216552734,74.0983123779297
143,eSwatini,SWZ,1995,1.35,47.1940994262695,74.47625732421879
144,eSwatini,SWZ,2000,0.94,41.981719970703104,72.3406295776367
145,eSwatini,SWZ,2005,0.02,46.620288848877,76.4880828857422
146,Fiji,FJI,2000,5.75,78.3434524536133,94.8633270263672
147,Finland,FIN,1995,9.49,115.555976867676,98.456916809082
148,Finland,FIN,2000,10.88,124.759178161621,99.7310104370117
149,Finland,FIN,2005,11.7,111.971076965332,97.77645874023442
150,Finland,FIN,2010,12.35,107.272590637207,98.2351531982422
151,France,FRA,1980,3.74,83.84619140625,99.7523880004883
152,France,FRA,1985,4.86,89.8274383544922,95.7597427368164
153,France,FRA,1990,5.81,96.85092163085942,99.9585418701172
154,France,FRA,1995,7.2,99.223121643066,98.72119903564447
155,France,FRA,2000,8.44,99.777549743652,99.8475112915039
156,France,FRA,2005,8.71,99.273818969727,99.97608184814447
157,France,FRA,2010,10.6,99.32689666748,99.9777679443359
158,Gabon,GAB,1975,1.66,27.761400222778303,99.2463226318359
159,Gambia,GMB,1975,0.09,10.6621904373169,25.4363498687744
160,Gambia,GMB,1980,0.27,14.0259504318237,42.024009704589794
161,Gambia,GMB,1985,0.5,18.3348503112793,61.67187118530271
162,Gambia,GMB,1990,0.77,17.186149597168,47.79296875
163,Gambia,GMB,2010,0.91,57.451831817627,71.7792663574219
164,Georgia,GEO,2014,0.0,99.4300384521484,99.3799896240234
165,Germany,DEU,2000,10.48,99.84454345703128,99.8758087158203
166,Germany,DEU,2005,10.89,99.506103515625,99.75000762939447
167,Germany,DEU,2010,13.14,99.983703613281,99.6122665405273
168,Ghana,GHA,2000,1.84,35.6556816101074,70.4852066040039
169,Ghana,GHA,2005,1.66,41.0644302368164,73.930061340332
170,Greece,GRC,1975,5.26,74.7537536621094,97.6257095336914
171,Greece,GRC,1980,5.87,81.4446487426758,93.9608612060547
172,Greece,GRC,1985,8.74,87.8996124267578,99.5144805908203
173,Greece,GRC,1990,11.33,94.929557800293,95.41964721679692
174,Greece,GRC,1995,12.76,91.9660034179688,91.3611602783203
175,Greece,GRC,2000,12.22,89.93728637695308,98.07476806640628
176,Greece,GRC,2005,19.3,99.6430892944335,97.17047119140628
177,Greece,GRC,2010,22.5,99.979263305664,98.791748046875
178,Grenada,GRD,1977,0.0,72.911247253418,97.6306991577148
179,Guatemala,GTM,1970,0.57,10.2929496765137,49.2117805480957
180,Guatemala,GTM,1975,0.73,12.1578397750854,52.406551361084006
181,Guatemala,GTM,1980,1.41,18.3493404388428,56.9133911132813
182,Guatemala,GTM,2000,1.74,36.163669586181605,87.23458862304692
183,Guatemala,GTM,2005,1.54,49.7588195800781,94.63819122314447
184,Guatemala,GTM,2010,0.0,63.1428718566895,98.9220428466797
185,Guinea,GIN,1990,0.0,11.1051301956177,26.0571994781494
186,Guinea-Bissau,GNB,1985,0.0,9.99127006530762,47.910770416259794
187,Guyana,GUY,2010,0.24,88.6422805786133,85.23316955566409
188,Haiti,HTI,1980,0.45,11.8469495773315,35.898250579834
189,Honduras,HND,1980,1.08,29.4462108612061,76.9209899902344
190,Honduras,HND,2010,1.93,72.6365966796875,99.1289596557617
191,Hong Kong,HKG,1975,1.63,45.9585304260254,88.7545013427734
192,Hong Kong,HKG,1980,3.33,58.63764953613279,94.844108581543
193,Hong Kong,HKG,1985,4.11,72.4062423706055,96.74746704101558
194,Hungary,HUN,1995,8.52,89.1346588134766,90.5496292114258
195,Hungary,HUN,2000,9.36,96.1834030151367,96.86351776123053
196,Hungary,HUN,2005,12.57,96.1855010986328,97.3594512939453
197,Hungary,HUN,2010,15.38,99.9341812133789,99.4961166381836
198,Iceland,ISL,2000,10.71,99.40357208252,99.1832122802734
199,Iceland,ISL,2005,14.08,99.112640380859,97.89407348632808
200,Iceland,ISL,2010,17.89,99.289772033691,98.6849594116211
201,India,IND,2000,4.01,45.0636215209961,84.1365432739258
202,India,IND,2010,4.85,63.29093933105471,96.1928100585938
203,Indonesia,IDN,1975,0.24,21.0729904174805,73.3595962524414
204,Indonesia,IDN,1990,0.98,46.585880279540994,96.28028106689447
205,Indonesia,IDN,1995,1.15,47.5897407531738,93.65796661376947
206,Indonesia,IDN,2005,2.67,60.1328315734863,93.1107025146484
207,Indonesia,IDN,2010,3.73,76.5401916503906,96.8136520385742
208,Iran,IRN,1985,2.55,44.397701263427706,83.36122131347659
209,Iran,IRN,1990,4.13,53.217559814453104,92.5661468505859
210,Iran,IRN,2000,8.0,78.584129333496,85.2519073486328
211,Iran,IRN,2005,9.74,75.8452911376953,96.1834182739258
212,Iran,IRN,2010,14.66,81.9550476074219,99.6831207275391
213,Iraq,IRQ,1975,1.68,34.4262199401855,64.52004241943361
214,Iraq,IRQ,1980,2.15,53.152889251709006,93.5088119506836
215,Iraq,IRQ,1985,2.98,49.2459411621094,87.42101287841801
216,Iraq,IRQ,2000,5.34,37.4691314697266,88.4190826416016
217,Ireland,IRL,1975,4.42,85.2335968017578,93.8169097900391
218,Ireland,IRL,1980,6.02,90.25186157226558,93.2186889648438
219,Ireland,IRL,1990,10.61,94.4415893554688,87.9719467163086
220,Ireland,IRL,1995,14.07,99.204139709473,86.92530059814449
221,Ireland,IRL,2000,16.37,99.43411254882808,99.75438690185553
222,Ireland,IRL,2005,20.47,99.539489746094,99.87484741210942
223,Ireland,IRL,2010,26.8,93.462608337402,99.68173217773442
224,Israel,ISR,2000,18.34,93.003219604492,99.5462265014648
225,Israel,ISR,2005,18.8,99.736122131348,99.9719009399414
226,Israel,ISR,2010,20.26,99.055839538574,99.9256134033203
227,Italy,ITA,1985,2.59,73.8626022338867,99.1435775756836
228,Italy,ITA,1995,4.5,88.8192901611328,97.1973114013672
229,Italy,ITA,2000,4.99,92.4845809936523,99.9714813232422
230,Italy,ITA,2005,5.6,98.28961181640628,99.5540390014648
231,Italy,ITA,2010,6.84,99.212699890137,99.5498886108398
232,Jamaica,JAM,1975,0.73,55.3497314453125,93.1551513671875
233,Jamaica,JAM,1980,0.75,68.2156829833984,95.5834197998047
234,Jamaica,JAM,1985,1.2,61.3341293334961,95.73973846435553
235,Jamaica,JAM,2000,7.09,86.3706893920898,93.5644989013672
236,Japan,JPN,1975,5.66,92.2703475952148,98.74014282226558
237,Japan,JPN,1980,5.04,92.4653778076172,99.93557739257808
238,Japan,JPN,1985,10.76,94.9192733764648,99.91525268554692
239,Japan,JPN,1990,12.48,95.6246337890625,99.9699020385742
240,Japan,JPN,1995,14.28,99.856689453125,99.9591674804688
241,Japan,JPN,2000,16.15,99.834098815918,99.97020721435553
242,Japan,JPN,2005,17.88,99.998527526855,99.9993515014648
243,Japan,JPN,2010,18.91,99.609497070313,99.94351196289058
244,Jordan,JOR,1975,2.73,58.23751068115229,95.0311508178711
245,Jordan,JOR,1980,2.91,77.581657409668,95.60562133789058
246,Jordan,JOR,1985,3.81,81.4623718261719,90.66763305664058
247,Jordan,JOR,2000,3.74,86.02574920654301,98.9402008056641
248,Jordan,JOR,2005,3.98,91.01516723632808,98.91098022460942
249,Jordan,JOR,2010,3.8,88.5193710327148,89.7488784790039
250,Kazakhstan,KAZ,2000,8.42,93.3952484130859,94.1336517333984
251,Kazakhstan,KAZ,2010,14.03,97.7344970703125,99.652587890625
252,Kiribati,KIR,1996,0.0,43.8706398010254,98.3140106201172
253,Kenya,KEN,2000,2.26,39.3118286132813,66.0325393676758
254,Kenya,KEN,2005,2.84,47.898799896240206,88.6448287963867
255,Kuwait,KWT,1975,2.54,58.0200881958008,69.61566162109379
256,Kuwait,KWT,1980,3.96,78.8075637817383,81.8810577392578
257,Kuwait,KWT,1985,6.1,87.5041732788085,88.0001983642578
258,Kuwait,KWT,2000,5.39,98.7247924804688,97.1722183227539
259,Kuwait,KWT,2005,4.18,99.459770202637,96.104621887207
260,Kuwait,KWT,2010,4.28,93.5052871704102,98.0363998413086
261,Kyrgyzstan,KGZ,2000,6.81,84.369987487793,93.26510620117192
262,Kyrgyzstan,KGZ,2005,7.56,86.2731781005859,95.12741088867192
263,Kyrgyzstan,KGZ,2010,9.0,86.59747314453129,94.5401763916016
264,Laos,LAO,1990,1.9,23.2434005737305,64.9222030639648
265,Laos,LAO,2000,2.0,34.214920043945305,75.6953811645508
266,Laos,LAO,2005,2.51,43.5884895324707,80.6172866821289
267,Laos,LAO,2010,3.3,46.12401962280271,94.2166290283203
268,Lebanon,LBN,1999,0.0,90.2867431640625,99.07913208007808
269,Latvia,LVA,2010,12.42,98.34375,99.3161773681641
270,Lesotho,LSO,1970,0.05,10.9428195953369,60.0874214172363
271,Lesotho,LSO,1980,0.19,16.679639816284197,62.6027603149414
272,Lesotho,LSO,1985,0.29,21.6004104614258,69.9093780517578
273,Lesotho,LSO,1990,0.39,25.290899276733303,71.7587127685547
274,Lesotho,LSO,1995,0.54,31.659240722656303,71.2316436767578
275,Lesotho,LSO,2000,0.62,32.4483985900879,80.4165420532227
276,Lesotho,LSO,2005,0.64,39.5876007080078,77.51576232910159
277,Lesotho,LSO,2010,0.76,50.40238189697271,79.0310287475586
278,Libya,LBY,1975,0.46,42.210929870605504,93.8586807250977
279,Libya,LBY,1980,1.06,69.5933303833008,96.873161315918
280,Liechtenstein,LIE,2004,0.0,99.761421203613,99.57470703125
281,Lithuania,LTU,2000,8.58,98.0920562744141,99.8379669189453
282,Lithuania,LTU,2005,13.51,99.166862487793,92.1345596313477
283,Lithuania,LTU,2010,15.6,99.963989257813,99.9745407104492
284,Luxembourg,LUX,1975,4.66,58.31494140625,91.2517318725586
285,Luxembourg,LUX,2000,9.35,97.0613327026367,97.7478179931641
286,Luxembourg,LUX,2005,13.29,95.3651885986328,98.3014678955078
287,Luxembourg,LUX,2010,18.54,99.346168518066,95.7609710693359
288,Macao,MAC,1990,3.3,60.8881301879883,84.63880920410159
289,Malawi,MWI,2005,0.18,27.2850494384766,98.2278594970703
290,Malaysia,MYS,1970,0.61,33.8156318664551,84.2453308105469
291,Malaysia,MYS,2000,3.18,66.1592330932617,97.814338684082
292,Malaysia,MYS,2005,4.45,68.7168197631835,96.811653137207
293,Malaysia,MYS,2010,5.81,66.88104248046879,94.56539916992192
294,Maldives,MDV,2000,0.16,51.273509979248,97.9394683837891
295,Mali,MLI,2005,0.68,25.5525207519531,56.11360168457029
296,Mali,MLI,2010,0.78,38.7725791931152,67.9807510375977
297,Malta,MLT,1975,3.31,74.2362594604492,87.9929733276367
298,Malta,MLT,1980,3.81,71.3129806518555,98.93466186523442
299,Malta,MLT,1985,4.4,80.2410202026367,96.23690795898442
300,Malta,MLT,1990,5.39,81.23341369628909,97.6247100830078
301,Malta,MLT,1995,6.5,86.2682723999023,95.7996826171875
302,Mauritania,MRT,1995,0.93,15.3898801803589,53.7112312316895
303,Mauritania,MRT,2000,1.17,18.0380001068115,59.8535499572754
304,Mauritania,MRT,2005,1.11,22.2522792816162,70.6530075073242
305,Mauritania,MRT,2010,0.97,20.3284797668457,70.2421798706055
306,Mauritius,MUS,1975,0.51,37.61299896240229,80.05567932128909
307,Mauritius,MUS,1980,0.77,50.0448989868164,79.2611389160156
308,Mauritius,MUS,1985,1.11,44.45500183105471,99.9089889526367
309,Mauritius,MUS,1990,0.63,52.409141540527294,97.178092956543
310,Mauritius,MUS,2000,0.89,76.8169326782227,99.7737503051758
311,Mauritius,MUS,2005,1.6,88.6555633544922,99.3533782958984
312,Mauritius,MUS,2010,1.88,89.2469635009766,98.94210815429692
313,Mexico,MEX,1985,3.58,55.185791015625,94.3071975708008
314,Mexico,MEX,1990,3.87,52.6773681640625,97.0574798583984
315,Mexico,MEX,1995,5.12,56.8006401062012,96.5403289794922
316,Mexico,MEX,2000,6.84,69.9110870361328,98.7263565063477
317,Mexico,MEX,2005,8.41,79.23291015625,96.3365020751953
318,Mexico,MEX,2010,9.81,83.1858901977539,96.3921890258789
319,Moldova,MDA,2000,6.68,81.591423034668,100.0
320,Moldova,MDA,2005,6.57,88.0625228881835,95.2760391235352
321,Moldova,MDA,2010,8.76,87.9811325073242,91.5506820678711
322,Mongolia,MNG,1980,8.63,83.418327331543,96.4837265014648
323,Mongolia,MNG,1995,9.2,62.69551086425779,81.081298828125
324,Mongolia,MNG,2000,8.16,65.1185302734375,92.86084747314447
325,Mongolia,MNG,2005,15.61,90.290153503418,93.2742919921875
326,Mongolia,MNG,2010,19.66,91.5925521850585,99.4150238037109
327,Montenegro,MNE,2003,0.0,92.9264526367188,100.0
328,Morocco,MAR,1975,0.59,13.1402196884155,40.87437057495121
329,Morocco,MAR,1980,0.7,20.7340202331543,55.7152900695801
330,Morocco,MAR,1985,2.21,30.4782390594482,62.4775581359863
331,Morocco,MAR,1990,2.98,37.1628189086914,55.84590148925779
332,Morocco,MAR,1995,3.69,37.9645004272461,63.35610961914061
333,Morocco,MAR,2000,4.07,38.449230194091705,79.79673767089841
334,Morocco,MAR,2005,4.67,49.8387489318848,86.8282012939453
335,Morocco,MAR,2010,5.35,62.692138671875,95.4454574584961
336,Mozambique,MOZ,1985,0.07,7.24485015869141,50.370521545410206
337,Mozambique,MOZ,1990,0.13,7.04563999176025,44.2381286621094
338,Mozambique,MOZ,1995,0.14,7.274419784545901,43.6166114807129
339,Mozambique,MOZ,2000,0.2,6.03520011901855,55.183719635009794
340,Mozambique,MOZ,2005,0.23,13.0960597991943,72.1879577636719
341,Mozambique,MOZ,2010,0.26,24.166019439697298,87.05188751220699
342,Myanmar,MMR,2000,2.94,36.30308151245121,89.9173965454102
343,Myanmar,MMR,2005,3.88,44.3096809387207,88.95819091796879
344,Myanmar,MMR,2010,5.15,48.141571044921896,87.7473373413086
345,Namibia,NAM,1990,1.29,37.974311828613295,79.4225616455078
346,Namibia,NAM,1995,1.24,55.535961151123,85.67259216308591
347,Namibia,NAM,2000,1.25,60.1695709228516,89.2378616333008
348,Namibia,NAM,2005,0.94,63.5293197631836,88.26715087890629
349,Nauru,NRU,2012,0.0,79.2785186767578,78.3211669921875
350,Nepal,NPL,2000,1.81,36.0210189819336,72.6118698120117
351,Netherlands,NLD,1975,4.79,85.360969543457,90.1392593383789
352,Netherlands,NLD,1980,6.19,91.40868377685553,91.77822875976558
353,Netherlands,NLD,1985,7.84,99.9876174926758,86.8729934692383
354,Netherlands,NLD,1990,9.69,99.482559204102,96.577392578125
355,Netherlands,NLD,1995,11.38,99.617858886719,99.8156127929688
356,Netherlands,NLD,2000,11.81,99.154800415039,99.5108184814453
357,Netherlands,NLD,2005,13.63,99.330368041992,98.3895034790039
358,Netherlands,NLD,2010,15.63,99.131759643555,99.8847503662109
359,New Zealand,NZL,1970,6.72,76.82688903808591,99.8987503051758
360,New Zealand,NZL,1975,9.29,80.73243713378909,99.540168762207
361,New Zealand,NZL,1980,12.47,81.1804428100585,99.4799575805664
362,New Zealand,NZL,1985,14.66,83.7359619140625,99.5652084350586
363,New Zealand,NZL,1990,16.71,88.6515884399414,99.5248565673828
364,New Zealand,NZL,1995,17.39,99.436470031738,98.3856430053711
365,New Zealand,NZL,2000,17.86,99.645477294922,99.4495315551758
366,New Zealand,NZL,2005,18.57,99.103271484375,99.60938262939447
367,New Zealand,NZL,2010,15.5,99.951629638672,99.85501098632808
368,Nicaragua,NIC,1970,5.18,16.9448299407958,52.4197006225586
369,Nicaragua,NIC,1975,6.02,23.468650817871104,57.5194511413574
370,Nicaragua,NIC,1980,7.73,37.6297607421875,64.3970565795898
371,Nicaragua,NIC,1985,8.14,30.026990890502898,66.06942749023439
372,Nicaragua,NIC,1990,8.16,37.0642318725586,67.51699066162111
373,Nicaragua,NIC,1995,8.37,46.474849700927706,73.4343338012695
374,Nicaragua,NIC,2000,9.28,53.1889305114746,85.9325408935547
375,Nicaragua,NIC,2005,9.32,68.7969970703125,99.3627319335938
376,Nicaragua,NIC,2010,10.33,74.188346862793,98.410530090332
377,Niger,NER,1990,0.29,6.24449014663696,23.452119827270497
378,Niger,NER,2000,0.42,6.94789981842041,27.381389617919897
379,Niger,NER,2005,0.47,9.9082202911377,41.8024101257324
380,Niger,NER,2010,0.51,13.5184497833252,55.7457084655762
381,Nigeria,NGA,2010,0.0,43.8367118835449,65.6736526489258
382,North Korea,PRK,2009,0.0,99.055442810059,98.14965057373053
383,North Macedonia,MKD,1998,0.0,80.2051162719727,95.3195419311523
384,Norway,NOR,1980,4.38,93.72244262695308,99.2033462524414
385,Norway,NOR,1985,5.55,97.20004272460942,96.4484481811523
386,Norway,NOR,1990,7.85,99.998153686523,99.7982711791992
387,Norway,NOR,1995,8.81,99.928916931152,98.2136917114258
388,Norway,NOR,2000,10.0,99.086853027344,99.8783721923828
389,Norway,NOR,2005,11.14,99.876167297363,98.7077484130859
390,Norway,NOR,2010,12.16,99.23055267334,99.1286468505859
391,Oman,OMN,1978,0.0,4.46692991256714,34.7785415649414
392,Pakistan,PAK,2005,4.02,26.500059127807603,72.5798797607422
393,Pakistan,PAK,2010,4.43,35.848461151123,74.67796325683591
394,Palau,PLW,2014,0.0,113.597732543945,99.3121337890625
395,Palestine,PSE,1999,0.0,76.293586730957,90.9244537353516
396,Panama,PAN,1970,2.1,37.4968910217285,74.3503112792969
397,Panama,PAN,1975,2.98,54.0663108825684,88.82968139648442
398,Panama,PAN,1980,3.57,61.148841857910206,88.1356201171875
399,Panama,PAN,1985,4.71,59.3905715942383,85.0399932861328
400,Panama,PAN,1990,5.91,58.923160552978494,86.61984252929692
401,Panama,PAN,2000,12.53,64.8470611572266,95.66210174560553
402,Panama,PAN,2005,13.51,68.217430114746,98.8638916015625
403,Panama,PAN,2010,14.37,71.34771728515629,98.51113891601558
404,Paraguay,PRY,1970,1.18,15.7305297851563,79.9347229003906
405,Paraguay,PRY,1975,1.37,19.0946407318115,78.9889297485352
406,Paraguay,PRY,1980,1.97,26.6743297576904,86.0501937866211
407,Paraguay,PRY,1985,2.53,30.8285694122314,87.8988494873047
408,Paraguay,PRY,1990,3.36,31.009580612182603,92.9712905883789
409,Paraguay,PRY,1995,3.44,41.358650207519496,91.7048568725586
410,Paraguay,PRY,2000,3.74,62.10958099365229,99.7382965087891
411,Paraguay,PRY,2005,1.51,66.9193115234375,97.4413299560547
412,Paraguay,PRY,2010,3.88,68.32354736328129,91.1596908569336
413,Peru,PER,1970,3.05,35.767551422119105,76.4767532348633
414,Peru,PER,1980,6.93,57.766628265380895,85.5749816894531
415,Peru,PER,1985,9.71,62.4128913879395,95.4254379272461
416,Peru,PER,1995,15.53,69.6036529541016,88.54273223876949
417,Peru,PER,2000,20.54,84.6955795288085,99.95327758789058
418,Peru,PER,2005,24.37,85.4473190307617,99.0872573852539
419,Peru,PER,2010,12.27,94.7000274658203,99.0449981689453
420,Philippines,PHL,1985,7.13,67.152473449707,94.4154510498047
421,Philippines,PHL,1990,6.73,71.9857177734375,98.4426498413086
422,Philippines,PHL,2005,5.94,82.8460693359375,90.1698226928711
423,Poland,POL,2000,6.16,99.246467590332,96.215950012207
424,Poland,POL,2005,9.78,98.4779434204102,95.1930389404297
425,Poland,POL,2010,11.37,96.7339401245117,97.2298583984375
426,Portugal,PRT,1980,1.36,53.8621711730957,96.1145477294922
427,Portugal,PRT,1990,2.88,60.1902198791504,99.72055053710942
428,Portugal,PRT,1995,3.77,99.375450134277,99.47103881835942
429,Portugal,PRT,2000,4.28,99.840591430664,97.5238876342773
430,Portugal,PRT,2005,3.04,99.02078247070308,99.6641387939453
431,Portugal,PRT,2010,3.26,99.947952270508,99.96865844726558
432,Puerto Rico,PRI,2012,0.0,79.3627395629883,85.74046325683591
433,Qatar,QAT,1980,6.49,70.0658721923828,96.0963973999023
434,Qatar,QAT,1985,7.15,82.8292770385742,91.2491607666016
435,Qatar,QAT,1990,7.82,80.05638122558591,85.3366012573242
436,Qatar,QAT,2000,9.8,91.3932723999023,95.6881866455078
437,Qatar,QAT,2005,10.55,99.09982299804692,95.6985397338867
438,Qatar,QAT,2010,10.05,99.146118164063,95.0272827148438
439,Romania,ROU,1995,4.23,73.648078918457,87.73365020751949
440,Romania,ROU,2000,4.76,79.26947021484379,92.3099822998047
441,Romania,ROU,2005,6.31,83.7156295776367,98.6840667724609
442,Romania,ROU,2010,6.61,99.238693237305,94.95211791992192
443,Russia,RUS,1995,13.3,91.0644073486328,93.2501907348633
444,Rwanda,RWA,2010,0.53,32.7618598937988,98.50698852539058
445,Saint Kitts and Nevis,KNA,1984,0.0,66.0055313110352,99.36163330078128
446,Saint Lucia,LCA,1984,0.0,31.7901401519775,98.7432174682617
447,Saint Vincent and the Grenadines,VCT,1984,0.0,39.6361503601074,93.7030563354492
448,Samoa,WSM,1994,0.0,76.4757537841797,93.37255096435553
449,San Marino,SMR,2009,0.0,95.5685577392578,92.11618041992192
450,Sao Tome and Principe,STP,1984,0.0,40.350658416748,96.1015472412109
451,Senegal,SEN,1980,0.57,10.8183097839355,34.6009216308594
452,Senegal,SEN,1985,0.68,12.5563497543335,40.683689117431605
453,Senegal,SEN,1990,0.74,15.1707696914673,44.6819000244141
454,Senegal,SEN,2000,0.53,15.8472995758057,57.827709197998
455,Senegal,SEN,2005,0.29,22.0166893005371,63.7629203796387
456,Senegal,SEN,2010,1.25,35.5976982116699,70.7436218261719
457,Serbia,SRB,2005,8.47,88.5904083251953,99.7035903930664
458,Serbia,SRB,2010,8.97,91.4276275634766,94.9187164306641
459,Seychelles,SYC,2001,0.0,66.7555084228516,91.1511993408203
460,Slovenia,SVN,2001,0.0,99.592956542969,96.1408462524414
461,Solomon Is.,SLB,2005,0.0,30.3960494995117,75.5612487792969
462,Slovenia,SVN,1995,7.22,89.9899520874023,92.86260986328128
463,Slovenia,SVN,2000,7.99,99.932792663574,95.5391693115234
464,Slovenia,SVN,2005,10.68,97.1232528686523,99.5034713745117
465,Slovenia,SVN,2010,13.25,97.85897827148442,98.1688919067383
466,Somalia,SOM,1979,0.0,3.8359301090240496,14.758620262146
467,South Africa,ZAF,2000,0.53,87.2935104370117,91.9256134033203
468,South Africa,ZAF,2005,0.36,88.91317749023442,88.57565307617192
469,South Korea,KOR,1975,3.47,54.3863410949707,96.4100112915039
470,South Korea,KOR,1980,4.76,76.8452606201172,99.8727264404297
471,South Korea,KOR,1985,7.18,90.5755767822266,98.5132675170898
472,South Korea,KOR,1990,9.4,92.6181411743164,99.3755264282227
473,South Korea,KOR,1995,12.9,99.255981445313,98.798210144043
474,South Korea,KOR,2000,19.08,98.3932495117188,99.7558212280273
475,South Korea,KOR,2005,22.09,93.22036743164058,99.7464981079102
476,South Korea,KOR,2010,30.04,96.0797882080078,99.5599517822266
477,S. Sudan,SSD,2011,0.0,9.01533031463623,41.62887954711911
478,Spain,ESP,1975,3.3,65.98651123046879,99.4770889282227
479,Spain,ESP,1980,4.59,84.8491897583008,99.1638870239258
480,Spain,ESP,1985,4.57,91.3823471069335,99.7978897094727
481,Spain,ESP,1990,4.23,99.15837097168,99.22608184814447
482,Spain,ESP,1995,8.01,99.151359558105,99.96054077148442
483,Spain,ESP,2000,10.69,99.268508911133,99.84323120117192
484,Spain,ESP,2005,13.53,99.513137817383,99.8574066162109
485,Spain,ESP,2010,14.96,99.384063720703,99.78170776367192
486,Sri Lanka,LKA,2010,8.51,96.9323577880859,95.0441513061523
487,Suriname,SUR,2007,0.0,74.08482360839841,87.3758773803711
488,Sweden,SWE,1990,10.61,89.71539306640629,99.55689239501947
489,Sweden,SWE,1995,11.6,99.814346313477,98.8409576416016
490,Sweden,SWE,2000,13.51,99.90774536132798,99.63784790039058
491,Sweden,SWE,2005,14.32,99.11051940918,95.67587280273442
492,Sweden,SWE,2010,14.93,98.1906585693359,99.63607788085942
493,Switzerland,CHE,1985,7.23,94.693748474121,76.14630126953129
494,Switzerland,CHE,1990,8.77,95.6798706054688,83.32286071777341
495,Switzerland,CHE,1995,9.83,99.320541381836,88.9908218383789
496,Switzerland,CHE,2000,10.02,95.4123382568359,99.664192199707
497,Switzerland,CHE,2005,12.8,95.1818237304688,98.28173828125
498,Switzerland,CHE,2010,17.88,95.861473083496,99.2678604125977
499,Syria,SYR,1975,0.91,43.421260833740206,83.818962097168
500,Syria,SYR,1980,1.6,47.6923408508301,85.9394302368164
501,Syria,SYR,1985,2.06,54.904239654540994,90.01197052001949
502,Syria,SYR,1990,2.36,50.8008499145508,94.9770278930664
503,Syria,SYR,1995,2.27,42.9667015075684,96.4714736938477
504,Syria,SYR,2000,1.9,43.989959716796896,96.86212158203128
505,Syria,SYR,2005,2.33,69.97216796875,99.2025833129883
506,Syria,SYR,2010,2.55,72.8570022583008,98.9318008422852
507,Tajikistan,TJK,2000,4.1,73.2005920410156,95.4670181274414
508,Tajikistan,TJK,2005,3.7,80.412971496582,98.0953216552734
509,Tajikistan,TJK,2010,3.74,84.4311904907227,98.5752410888672
510,Tanzania,TZA,1980,0.24,3.3105099201202406,69.8682098388672
511,Tanzania,TZA,1985,0.3,3.4123198986053502,56.4403800964355
512,Tanzania,TZA,1995,0.4,5.31999015808105,48.7076187133789
513,Tanzania,TZA,2010,0.36,31.1437091827393,89.1167984008789
514,Timor,TLS,2014,0.0,73.0743026733398,98.4408493041992
515,Togo,TGO,1980,0.67,31.6697101593018,71.9015274047852
516,Togo,TGO,1985,0.76,18.592350006103494,58.0141906738281
517,Togo,TGO,1990,0.83,21.5273704528809,64.4899063110352
518,Togo,TGO,1995,0.9,21.9885597229004,71.2767105102539
519,Togo,TGO,2000,1.05,32.1236915588379,85.0263595581055
520,Togo,TGO,2005,1.29,45.0299682617188,90.8877334594727
521,Tonga,TON,1970,0.91,86.5774688720703,87.6900177001953
522,Tonga,TON,1975,1.05,79.1286163330078,97.2842864990234
523,Tonga,TON,1985,1.2,87.29440307617192,96.9831771850586
524,Tonga,TON,1990,2.47,98.4316635131835,92.2912216186523
525,Trinidad and Tobago,TTO,1985,1.66,81.4872131347656,92.1617202758789
526,Trinidad and Tobago,TTO,1990,1.9,83.168830871582,90.0338973999023
527,Tunisia,TUN,1975,0.54,20.9512405395508,75.7984085083008
528,Tunisia,TUN,1980,0.93,25.1647300720215,81.4410171508789
529,Tunisia,TUN,1985,1.38,36.738929748535206,92.3201904296875
530,Tunisia,TUN,1990,2.05,44.8516998291016,93.9457778930664
531,Tunisia,TUN,1995,2.48,56.999820709228494,96.4244613647461
532,Tunisia,TUN,2000,3.77,74.6360092163085,95.4381332397461
533,Tunisia,TUN,2005,5.71,84.8042221069335,98.86972045898442
534,Tunisia,TUN,2010,7.38,90.4287872314453,99.63182830810553
535,Turkey,TUR,1990,5.78,50.285579681396506,94.3785934448242
536,Turkey,TUR,1995,5.31,61.2922210693359,90.5543670654297
537,Turkey,TUR,2000,4.91,72.723258972168,95.83535766601558
538,Turkey,TUR,2005,4.21,83.426872253418,97.7891387939453
539,Turkey,TUR,2010,5.28,84.204231262207,96.45596313476558
540,Ukraine,UKR,2005,22.33,96.9960403442383,89.51122283935551
541,Ukraine,UKR,2010,24.55,95.0912704467773,94.4123306274414
542,United Arab Emirates,ARE,1980,3.21,44.767738342285206,76.19822692871091
543,United Arab Emirates,ARE,1985,4.75,67.7546463012695,74.9563293457031
544,United Arab Emirates,ARE,1990,6.42,62.243579864502,98.4077682495117
545,United Arab Emirates,ARE,1995,8.66,83.475212097168,92.31784057617192
546,United Kingdom,GBR,1975,5.53,82.1373977661133,95.7613296508789
547,United Kingdom,GBR,1980,5.5,80.7663879394531,97.7550811767578
548,United Kingdom,GBR,1985,6.22,83.5684509277344,93.565559387207
549,United Kingdom,GBR,1990,9.0,84.3638076782227,99.7931594848633
550,United Kingdom,GBR,2000,12.83,99.933380126953,99.9684371948242
551,United Kingdom,GBR,2005,13.77,99.387283325195,99.9957427978516
552,United Kingdom,GBR,2010,15.31,99.90885925293,99.6182022094727
553,United States of America,USA,1975,13.3,85.1871337890625,81.2800674438477
554,United States of America,USA,1990,20.71,91.0075225830078,98.0487213134766
555,United States of America,USA,1995,20.4,95.0588836669922,97.0408706665039
556,United States of America,USA,2000,22.97,93.1720428466797,99.4517135620117
557,United States of America,USA,2005,22.39,95.6731796264648,97.7822036743164
558,United States of America,USA,2010,26.76,94.31130981445308,97.56397247314447
559,Uruguay,URY,1985,3.38,71.9220809936523,88.2539520263672
560,Uruguay,URY,1995,5.46,82.3866882324219,92.5428924560547
561,Uruguay,URY,2005,3.67,101.215507507324,99.9367828369141
562,Uruguay,URY,2010,3.5,90.2958526611328,99.842399597168
563,Uzbekistan,UZB,2007,0.0,92.4736480712891,97.0551223754883
564,Vanuatu,VUT,1981,0.0,12.7973604202271,85.0994873046875
565,Venezuela,VEN,1975,1.77,40.547088623046896,70.65106201171879
566,Venezuela,VEN,2000,2.7,59.3258285522461,89.7942962646484
567,Venezuela,VEN,2005,2.97,72.9543914794922,93.62647247314447
568,Venezuela,VEN,2010,2.96,80.9477615356445,95.5039215087891
569,Yemen,YEM,2005,1.21,45.6537399291992,75.8423233032227
570,Yemen,YEM,2010,1.5,43.3746185302734,81.8196487426758
571,Zambia,ZMB,1980,0.15,15.9969797134399,77.4441833496094
572,Zimbabwe,ZWE,2000,0.53,42.5622711181641,84.5295104980469
573,Saudi Arabia,SAU,2000,6.91,86.29,96.06
574,Uganda,UEA,2000,1.23,24.56,93.79
575,Afghanistan,AFG,2000,3.65,55.54,85.69
576,Chad,CHD,2000,0.23,22.16,47.98
577,Ethiopia,ETH,2000,2.16,35.14,65.98
578,Sudan,SDN,2000,0,42.69,50.8
579,S. Sudan,SSN,2000,0,9.51,50.8
580,Sierra Leone,SLE,2000,1.22,43.54,99.50
581,Papua New Guinea,PNG,2000,0.54,40.34,87.15
582,CÃ´te d'Ivoire,CDI,2000,2.13,43.86,75.36
583,Madagascar,MGS,2000,0.00,38.43,77.43
584,Belarus,BLR,2000,0.00,85.92,98.65
