,Unnamed: 0,country,Year,democracy score,compulsory
0,210,Afghanistan,1998,0.072,6.0
1,211,Afghanistan,1999,0.072,6.0
2,212,Afghanistan,2000,0.072,6.0
3,213,Afghanistan,2001,0.079,6.0
4,214,Afghanistan,2002,0.223,6.0
5,215,Afghanistan,2003,0.231,6.0
6,216,Afghanistan,2004,0.254,6.0
7,217,Afghanistan,2005,0.336,6.0
8,218,Afghanistan,2006,0.395,6.0
9,219,Afghanistan,2007,0.395,6.0
10,220,Afghanistan,2008,0.4,9.0
11,221,Afghanistan,2009,0.392,9.0
12,222,Afghanistan,2010,0.377,9.0
13,223,Afghanistan,2011,0.375,9.0
14,224,Afghanistan,2012,0.377,9.0
15,225,Afghanistan,2013,0.38,9.0
16,226,Afghanistan,2014,0.379,9.0
17,227,Afghanistan,2015,0.378,9.0
18,228,Afghanistan,2016,0.354,9.0
19,229,Afghanistan,2017,0.353,9.0
20,230,Afghanistan,2018,0.352,9.0
21,231,Afghanistan,2019,0.351,9.0
22,232,Afghanistan,2020,0.351,9.0
23,233,Afghanistan,2021,0.16,9.0
24,624,Albania,1998,0.391,8.0
25,625,Albania,1999,0.396,8.0
26,626,Albania,2000,0.403,8.0
27,627,Albania,2001,0.437,8.0
28,628,Albania,2002,0.487,8.0
29,629,Albania,2003,0.491,8.0
30,630,Albania,2004,0.485,8.0
31,631,Albania,2005,0.508,8.0
32,632,Albania,2006,0.539,8.0
33,633,Albania,2007,0.544,8.0
34,634,Albania,2008,0.54,8.0
35,635,Albania,2009,0.537,8.0
36,636,Albania,2010,0.536,8.0
37,637,Albania,2011,0.536,8.0
38,638,Albania,2012,0.533,9.0
39,639,Albania,2013,0.502,9.0
40,640,Albania,2014,0.51,9.0
41,641,Albania,2015,0.508,9.0
42,642,Albania,2016,0.508,9.0
43,643,Albania,2017,0.525,9.0
44,644,Albania,2018,0.506,9.0
45,645,Albania,2019,0.488,9.0
46,646,Albania,2020,0.485,9.0
47,647,Albania,2021,0.478,9.0
48,897,Algeria,1998,0.318,10.0
49,898,Algeria,1999,0.327,10.0
50,899,Algeria,2000,0.326,10.0
51,900,Algeria,2001,0.326,10.0
52,901,Algeria,2002,0.33,10.0
53,902,Algeria,2003,0.335,10.0
54,903,Algeria,2004,0.337,10.0
55,904,Algeria,2005,0.34,10.0
56,905,Algeria,2006,0.34,10.0
57,906,Algeria,2007,0.335,10.0
58,907,Algeria,2008,0.33,10.0
59,908,Algeria,2009,0.33,10.0
60,909,Algeria,2010,0.328,10.0
61,910,Algeria,2011,0.33,10.0
62,911,Algeria,2012,0.329,10.0
63,912,Algeria,2013,0.328,10.0
64,913,Algeria,2014,0.328,10.0
65,914,Algeria,2015,0.33,10.0
66,915,Algeria,2016,0.31,10.0
67,916,Algeria,2017,0.311,10.0
68,917,Algeria,2018,0.303,10.0
69,918,Algeria,2019,0.293,10.0
70,919,Algeria,2020,0.281,10.0
71,920,Algeria,2021,0.284,10.0
72,2262,Argentina,1998,0.83,10.0
73,2263,Argentina,1999,0.83,10.0
74,2264,Argentina,2000,0.839,10.0
75,2265,Argentina,2001,0.838,10.0
76,2266,Argentina,2002,0.833,10.0
77,2267,Argentina,2003,0.815,10.0
78,2268,Argentina,2004,0.812,10.0
79,2269,Argentina,2005,0.81,10.0
80,2270,Argentina,2006,0.799,13.0
81,2271,Argentina,2007,0.797,13.0
82,2272,Argentina,2008,0.789,13.0
83,2273,Argentina,2009,0.784,13.0
84,2274,Argentina,2010,0.773,13.0
85,2275,Argentina,2011,0.774,13.0
86,2276,Argentina,2012,0.777,13.0
87,2277,Argentina,2013,0.782,13.0
88,2278,Argentina,2014,0.798,13.0
89,2279,Argentina,2015,0.785,14.0
90,2280,Argentina,2016,0.762,14.0
91,2281,Argentina,2017,0.756,14.0
92,2282,Argentina,2018,0.777,14.0
93,2283,Argentina,2019,0.778,14.0
94,2284,Argentina,2020,0.819,14.0
95,2285,Argentina,2021,0.819,14.0
96,3180,Australia,1998,0.889,10.0
97,3181,Australia,1999,0.887,10.0
98,3182,Australia,2000,0.893,10.0
99,3183,Australia,2001,0.892,10.0
100,3184,Australia,2002,0.882,10.0
101,3185,Australia,2003,0.882,10.0
102,3186,Australia,2004,0.883,10.0
103,3187,Australia,2005,0.884,10.0
104,3188,Australia,2006,0.884,10.0
105,3189,Australia,2007,0.884,10.0
106,3190,Australia,2008,0.892,10.0
107,3191,Australia,2009,0.892,10.0
108,3192,Australia,2010,0.896,10.0
109,3193,Australia,2011,0.904,10.0
110,3194,Australia,2012,0.904,10.0
111,3195,Australia,2013,0.891,10.0
112,3196,Australia,2014,0.873,10.0
113,3197,Australia,2015,0.884,10.0
114,3198,Australia,2016,0.887,10.0
115,3199,Australia,2017,0.889,10.0
116,3200,Australia,2018,0.878,10.0
117,3201,Australia,2019,0.851,10.0
118,3202,Australia,2020,0.859,10.0
119,3203,Australia,2021,0.854,10.0
120,3442,Austria,1998,0.871,9.0
121,3443,Austria,1999,0.871,9.0
122,3444,Austria,2000,0.866,9.0
123,3445,Austria,2001,0.866,9.0
124,3446,Austria,2002,0.866,9.0
125,3447,Austria,2003,0.865,9.0
126,3448,Austria,2004,0.867,9.0
127,3449,Austria,2005,0.868,9.0
128,3450,Austria,2006,0.871,9.0
129,3451,Austria,2007,0.879,9.0
130,3452,Austria,2008,0.879,9.0
131,3453,Austria,2009,0.878,9.0
132,3454,Austria,2010,0.873,9.0
133,3455,Austria,2011,0.874,10.0
134,3456,Austria,2012,0.875,10.0
135,3457,Austria,2013,0.875,10.0
136,3458,Austria,2014,0.876,10.0
137,3459,Austria,2015,0.876,10.0
138,3460,Austria,2016,0.854,10.0
139,3461,Austria,2017,0.852,13.0
140,3462,Austria,2018,0.843,13.0
141,3463,Austria,2019,0.844,13.0
142,3464,Austria,2020,0.841,13.0
143,3465,Austria,2021,0.825,13.0
144,4550,Bangladesh,1998,0.512,5.0
145,4551,Bangladesh,1999,0.512,5.0
146,4552,Bangladesh,2000,0.512,5.0
147,4553,Bangladesh,2001,0.507,5.0
148,4554,Bangladesh,2002,0.466,5.0
149,4555,Bangladesh,2003,0.474,5.0
150,4556,Bangladesh,2004,0.474,5.0
151,4557,Bangladesh,2005,0.474,5.0
152,4558,Bangladesh,2006,0.405,5.0
153,4559,Bangladesh,2007,0.207,5.0
154,4560,Bangladesh,2008,0.209,5.0
155,4561,Bangladesh,2009,0.414,5.0
156,4562,Bangladesh,2010,0.426,5.0
157,4563,Bangladesh,2011,0.415,5.0
158,4564,Bangladesh,2012,0.409,5.0
159,4565,Bangladesh,2013,0.372,5.0
160,4566,Bangladesh,2014,0.292,5.0
161,4567,Bangladesh,2015,0.284,5.0
162,4568,Bangladesh,2016,0.28,5.0
163,4569,Bangladesh,2017,0.279,5.0
164,4570,Bangladesh,2018,0.279,5.0
165,4571,Bangladesh,2019,0.256,5.0
166,4572,Bangladesh,2020,0.263,5.0
167,4573,Bangladesh,2021,0.267,5.0
168,4708,Barbados,1998,0.768,11.0
169,4709,Barbados,1999,0.768,11.0
170,4710,Barbados,2000,0.768,11.0
171,4711,Barbados,2001,0.768,11.0
172,4712,Barbados,2002,0.768,11.0
173,4713,Barbados,2003,0.768,11.0
174,4714,Barbados,2004,0.767,11.0
175,4715,Barbados,2005,0.767,11.0
176,4716,Barbados,2006,0.767,11.0
177,4717,Barbados,2007,0.767,11.0
178,4718,Barbados,2008,0.784,11.0
179,4719,Barbados,2009,0.785,11.0
180,4720,Barbados,2010,0.785,11.0
181,4721,Barbados,2011,0.785,11.0
182,4722,Barbados,2012,0.785,11.0
183,4723,Barbados,2013,0.779,11.0
184,4724,Barbados,2014,0.778,11.0
185,4725,Barbados,2015,0.773,11.0
186,4726,Barbados,2016,0.773,11.0
187,4727,Barbados,2017,0.775,11.0
188,4728,Barbados,2018,0.777,11.0
189,4729,Barbados,2019,0.787,11.0
190,4730,Barbados,2020,0.797,11.0
191,4731,Barbados,2021,0.797,11.0
192,5419,Belgium,1998,0.88,12.0
193,5420,Belgium,1999,0.881,12.0
194,5421,Belgium,2000,0.885,12.0
195,5422,Belgium,2001,0.885,12.0
196,5423,Belgium,2002,0.885,12.0
197,5424,Belgium,2003,0.888,12.0
198,5425,Belgium,2004,0.856,12.0
199,5426,Belgium,2005,0.877,12.0
200,5427,Belgium,2006,0.88,12.0
201,5428,Belgium,2007,0.886,12.0
202,5429,Belgium,2008,0.891,12.0
203,5430,Belgium,2009,0.891,12.0
204,5431,Belgium,2010,0.891,12.0
205,5432,Belgium,2011,0.892,12.0
206,5433,Belgium,2012,0.892,12.0
207,5434,Belgium,2013,0.896,12.0
208,5435,Belgium,2014,0.896,12.0
209,5436,Belgium,2015,0.896,12.0
210,5437,Belgium,2016,0.896,12.0
211,5438,Belgium,2017,0.895,12.0
212,5439,Belgium,2018,0.895,12.0
213,5440,Belgium,2019,0.889,12.0
214,5441,Belgium,2020,0.886,12.0
215,5442,Belgium,2021,0.885,12.0
216,5838,Benin,1998,0.63,6.0
217,5839,Benin,1999,0.62,6.0
218,5840,Benin,2000,0.616,6.0
219,5841,Benin,2001,0.616,6.0
220,5842,Benin,2002,0.619,6.0
221,5843,Benin,2003,0.616,6.0
222,5844,Benin,2004,0.615,6.0
223,5845,Benin,2005,0.642,6.0
224,5846,Benin,2006,0.676,6.0
225,5847,Benin,2007,0.665,6.0
226,5848,Benin,2008,0.651,6.0
227,5849,Benin,2009,0.651,6.0
228,5850,Benin,2010,0.656,6.0
229,5851,Benin,2011,0.623,6.0
230,5852,Benin,2012,0.614,6.0
231,5853,Benin,2013,0.615,6.0
232,5854,Benin,2014,0.623,6.0
233,5855,Benin,2015,0.664,6.0
234,5856,Benin,2016,0.71,6.0
235,5857,Benin,2017,0.711,6.0
236,5858,Benin,2018,0.622,6.0
237,5859,Benin,2019,0.488,6.0
238,5860,Benin,2020,0.417,6.0
239,5861,Benin,2021,0.421,6.0
240,6503,Bolivia,1998,0.749,8.0
241,6504,Bolivia,1999,0.758,8.0
242,6505,Bolivia,2000,0.758,8.0
243,6506,Bolivia,2001,0.752,8.0
244,6507,Bolivia,2002,0.74,8.0
245,6508,Bolivia,2003,0.735,8.0
246,6509,Bolivia,2004,0.766,8.0
247,6510,Bolivia,2005,0.76,8.0
248,6511,Bolivia,2006,0.739,8.0
249,6512,Bolivia,2007,0.73,8.0
250,6513,Bolivia,2008,0.73,8.0
251,6514,Bolivia,2009,0.729,14.0
252,6515,Bolivia,2010,0.691,14.0
253,6516,Bolivia,2011,0.692,14.0
254,6517,Bolivia,2012,0.684,14.0
255,6518,Bolivia,2013,0.674,14.0
256,6519,Bolivia,2014,0.661,14.0
257,6520,Bolivia,2015,0.63,14.0
258,6521,Bolivia,2016,0.629,14.0
259,6522,Bolivia,2017,0.629,14.0
260,6523,Bolivia,2018,0.606,14.0
261,6524,Bolivia,2019,0.553,14.0
262,6525,Bolivia,2020,0.327,14.0
263,6526,Bolivia,2021,0.619,14.0
264,7397,Brazil,1998,0.86,8.0
265,7398,Brazil,1999,0.862,8.0
266,7399,Brazil,2000,0.865,8.0
267,7400,Brazil,2001,0.865,8.0
268,7401,Brazil,2002,0.867,8.0
269,7402,Brazil,2003,0.863,8.0
270,7403,Brazil,2004,0.863,8.0
271,7404,Brazil,2005,0.877,8.0
272,7405,Brazil,2006,0.877,8.0
273,7406,Brazil,2007,0.873,8.0
274,7407,Brazil,2008,0.873,8.0
275,7408,Brazil,2009,0.873,8.0
276,7409,Brazil,2010,0.877,8.0
277,7410,Brazil,2011,0.879,8.0
278,7411,Brazil,2012,0.874,8.0
279,7412,Brazil,2013,0.878,14.0
280,7413,Brazil,2014,0.878,14.0
281,7414,Brazil,2015,0.872,14.0
282,7415,Brazil,2016,0.808,14.0
283,7416,Brazil,2017,0.775,14.0
284,7417,Brazil,2018,0.764,14.0
285,7418,Brazil,2019,0.676,14.0
286,7419,Brazil,2020,0.678,14.0
287,7420,Brazil,2021,0.661,14.0
288,8036,Bulgaria,1998,0.712,9.0
289,8037,Bulgaria,1999,0.719,9.0
290,8038,Bulgaria,2000,0.72,9.0
291,8039,Bulgaria,2001,0.706,9.0
292,8040,Bulgaria,2002,0.723,9.0
293,8041,Bulgaria,2003,0.723,9.0
294,8042,Bulgaria,2004,0.725,9.0
295,8043,Bulgaria,2005,0.71,9.0
296,8044,Bulgaria,2006,0.714,9.0
297,8045,Bulgaria,2007,0.718,9.0
298,8046,Bulgaria,2008,0.724,9.0
299,8047,Bulgaria,2009,0.714,9.0
300,8048,Bulgaria,2010,0.689,9.0
301,8049,Bulgaria,2011,0.684,11.0
302,8050,Bulgaria,2012,0.679,11.0
303,8051,Bulgaria,2013,0.674,11.0
304,8052,Bulgaria,2014,0.674,11.0
305,8053,Bulgaria,2015,0.675,11.0
306,8054,Bulgaria,2016,0.677,11.0
307,8055,Bulgaria,2017,0.628,11.0
308,8056,Bulgaria,2018,0.623,11.0
309,8057,Bulgaria,2019,0.623,11.0
310,8058,Bulgaria,2020,0.615,11.0
311,8059,Bulgaria,2021,0.656,11.0
312,8910,Cameroon,1998,0.302,6.0
313,8911,Cameroon,1999,0.302,6.0
314,8912,Cameroon,2000,0.317,6.0
315,8913,Cameroon,2001,0.317,6.0
316,8914,Cameroon,2002,0.322,6.0
317,8915,Cameroon,2003,0.326,6.0
318,8916,Cameroon,2004,0.327,6.0
319,8917,Cameroon,2005,0.332,6.0
320,8918,Cameroon,2006,0.332,6.0
321,8919,Cameroon,2007,0.331,6.0
322,8920,Cameroon,2008,0.331,6.0
323,8921,Cameroon,2009,0.331,6.0
324,8922,Cameroon,2010,0.331,6.0
325,8923,Cameroon,2011,0.334,6.0
326,8924,Cameroon,2012,0.34,6.0
327,8925,Cameroon,2013,0.339,6.0
328,8926,Cameroon,2014,0.347,6.0
329,8927,Cameroon,2015,0.348,6.0
330,8928,Cameroon,2016,0.33,6.0
331,8929,Cameroon,2017,0.314,6.0
332,8930,Cameroon,2018,0.31,6.0
333,8931,Cameroon,2019,0.293,6.0
334,8932,Cameroon,2020,0.297,6.0
335,8933,Cameroon,2021,0.299,6.0
336,9289,Canada,1998,0.835,10.0
337,9290,Canada,1999,0.835,10.0
338,9291,Canada,2000,0.836,10.0
339,9292,Canada,2001,0.83,10.0
340,9293,Canada,2002,0.826,10.0
341,9294,Canada,2003,0.826,10.0
342,9295,Canada,2004,0.825,10.0
343,9296,Canada,2005,0.824,10.0
344,9297,Canada,2006,0.834,10.0
345,9298,Canada,2007,0.834,10.0
346,9299,Canada,2008,0.833,10.0
347,9300,Canada,2009,0.832,10.0
348,9301,Canada,2010,0.832,10.0
349,9302,Canada,2011,0.814,10.0
350,9303,Canada,2012,0.807,10.0
351,9304,Canada,2013,0.816,10.0
352,9305,Canada,2014,0.808,10.0
353,9306,Canada,2015,0.812,10.0
354,9307,Canada,2016,0.841,10.0
355,9308,Canada,2017,0.846,10.0
356,9309,Canada,2018,0.847,10.0
357,9310,Canada,2019,0.851,10.0
358,9311,Canada,2020,0.862,10.0
359,9312,Canada,2021,0.857,10.0
360,10421,Chile,1998,0.865,8.0
361,10422,Chile,1999,0.861,8.0
362,10423,Chile,2000,0.882,8.0
363,10424,Chile,2001,0.882,8.0
364,10425,Chile,2002,0.883,8.0
365,10426,Chile,2003,0.883,12.0
366,10427,Chile,2004,0.883,12.0
367,10428,Chile,2005,0.881,12.0
368,10429,Chile,2006,0.892,12.0
369,10430,Chile,2007,0.892,12.0
370,10431,Chile,2008,0.892,12.0
371,10432,Chile,2009,0.891,12.0
372,10433,Chile,2010,0.893,12.0
373,10434,Chile,2011,0.896,12.0
374,10435,Chile,2012,0.895,12.0
375,10436,Chile,2013,0.895,12.0
376,10437,Chile,2014,0.894,12.0
377,10438,Chile,2015,0.89,12.0
378,10439,Chile,2016,0.891,12.0
379,10440,Chile,2017,0.892,12.0
380,10441,Chile,2018,0.873,12.0
381,10442,Chile,2019,0.83,12.0
382,10443,Chile,2020,0.835,12.0
383,10444,Chile,2021,0.834,12.0
384,10693,China,1998,0.101,9.0
385,10694,China,1999,0.101,9.0
386,10695,China,2000,0.1,9.0
387,10696,China,2001,0.1,9.0
388,10697,China,2002,0.101,9.0
389,10698,China,2003,0.102,9.0
390,10699,China,2004,0.103,9.0
391,10700,China,2005,0.094,9.0
392,10701,China,2006,0.094,9.0
393,10702,China,2007,0.094,9.0
394,10703,China,2008,0.094,9.0
395,10704,China,2009,0.094,9.0
396,10705,China,2010,0.094,9.0
397,10706,China,2011,0.094,9.0
398,10707,China,2012,0.094,9.0
399,10708,China,2013,0.087,9.0
400,10709,China,2014,0.085,9.0
401,10710,China,2015,0.083,9.0
402,10711,China,2016,0.081,9.0
403,10712,China,2017,0.079,9.0
404,10713,China,2018,0.078,9.0
405,10714,China,2019,0.076,9.0
406,10715,China,2020,0.077,9.0
407,10716,China,2021,0.078,9.0
408,10943,Colombia,1998,0.552,10.0
409,10944,Colombia,1999,0.544,10.0
410,10945,Colombia,2000,0.555,10.0
411,10946,Colombia,2001,0.551,10.0
412,10947,Colombia,2002,0.547,10.0
413,10948,Colombia,2003,0.546,10.0
414,10949,Colombia,2004,0.546,10.0
415,10950,Colombia,2005,0.551,10.0
416,10951,Colombia,2006,0.575,10.0
417,10952,Colombia,2007,0.583,10.0
418,10953,Colombia,2008,0.587,10.0
419,10954,Colombia,2009,0.586,10.0
420,10955,Colombia,2010,0.627,10.0
421,10956,Colombia,2011,0.661,10.0
422,10957,Colombia,2012,0.665,10.0
423,10958,Colombia,2013,0.669,10.0
424,10959,Colombia,2014,0.679,10.0
425,10960,Colombia,2015,0.685,12.0
426,10961,Colombia,2016,0.676,12.0
427,10962,Colombia,2017,0.672,12.0
428,10963,Colombia,2018,0.678,12.0
429,10964,Colombia,2019,0.663,12.0
430,10965,Colombia,2020,0.652,12.0
431,10966,Colombia,2021,0.645,12.0
432,11745,Costa Rica,1998,0.9,11.0
433,11746,Costa Rica,1999,0.9,11.0
434,11747,Costa Rica,2000,0.901,11.0
435,11748,Costa Rica,2001,0.901,11.0
436,11749,Costa Rica,2002,0.904,11.0
437,11750,Costa Rica,2003,0.904,11.0
438,11751,Costa Rica,2004,0.902,11.0
439,11752,Costa Rica,2005,0.902,11.0
440,11753,Costa Rica,2006,0.909,11.0
441,11754,Costa Rica,2007,0.912,11.0
442,11755,Costa Rica,2008,0.912,11.0
443,11756,Costa Rica,2009,0.912,11.0
444,11757,Costa Rica,2010,0.915,11.0
445,11758,Costa Rica,2011,0.916,13.0
446,11759,Costa Rica,2012,0.913,13.0
447,11760,Costa Rica,2013,0.913,13.0
448,11761,Costa Rica,2014,0.912,13.0
449,11762,Costa Rica,2015,0.912,13.0
450,11763,Costa Rica,2016,0.908,13.0
451,11764,Costa Rica,2017,0.906,13.0
452,11765,Costa Rica,2018,0.897,13.0
453,11766,Costa Rica,2019,0.899,13.0
454,11767,Costa Rica,2020,0.903,13.0
455,11768,Costa Rica,2021,0.9,13.0
456,11942,Cote d'Ivoire,1998,0.395,10.0
457,11943,Cote d'Ivoire,1999,0.375,10.0
458,11944,Cote d'Ivoire,2000,0.262,10.0
459,11945,Cote d'Ivoire,2001,0.444,10.0
460,11946,Cote d'Ivoire,2002,0.441,10.0
461,11947,Cote d'Ivoire,2003,0.438,10.0
462,11948,Cote d'Ivoire,2004,0.443,10.0
463,11949,Cote d'Ivoire,2005,0.428,10.0
464,11950,Cote d'Ivoire,2006,0.429,10.0
465,11951,Cote d'Ivoire,2007,0.431,10.0
466,11952,Cote d'Ivoire,2008,0.432,10.0
467,11953,Cote d'Ivoire,2009,0.43,10.0
468,11954,Cote d'Ivoire,2010,0.433,10.0
469,11955,Cote d'Ivoire,2011,0.444,10.0
470,11956,Cote d'Ivoire,2012,0.467,10.0
471,11957,Cote d'Ivoire,2013,0.462,10.0
472,11958,Cote d'Ivoire,2014,0.469,10.0
473,11959,Cote d'Ivoire,2015,0.477,10.0
474,11960,Cote d'Ivoire,2016,0.536,10.0
475,11961,Cote d'Ivoire,2017,0.553,10.0
476,11962,Cote d'Ivoire,2018,0.554,10.0
477,11963,Cote d'Ivoire,2019,0.544,10.0
478,11964,Cote d'Ivoire,2020,0.521,10.0
479,11965,Cote d'Ivoire,2021,0.431,10.0
480,12571,Cuba,1998,0.116,9.0
481,12572,Cuba,1999,0.116,9.0
482,12573,Cuba,2000,0.116,9.0
483,12574,Cuba,2001,0.116,9.0
484,12575,Cuba,2002,0.116,9.0
485,12576,Cuba,2003,0.115,9.0
486,12577,Cuba,2004,0.115,9.0
487,12578,Cuba,2005,0.115,9.0
488,12579,Cuba,2006,0.115,9.0
489,12580,Cuba,2007,0.115,9.0
490,12581,Cuba,2008,0.171,9.0
491,12582,Cuba,2009,0.17,9.0
492,12583,Cuba,2010,0.17,9.0
493,12584,Cuba,2011,0.17,9.0
494,12585,Cuba,2012,0.17,9.0
495,12586,Cuba,2013,0.174,9.0
496,12587,Cuba,2014,0.174,9.0
497,12588,Cuba,2015,0.174,9.0
498,12589,Cuba,2016,0.175,9.0
499,12590,Cuba,2017,0.175,9.0
500,12591,Cuba,2018,0.182,9.0
501,12592,Cuba,2019,0.182,9.0
502,12593,Cuba,2020,0.182,9.0
503,12594,Cuba,2021,0.181,9.0
504,12801,Cyprus,1998,0.765,9.0
505,12802,Cyprus,1999,0.768,9.0
506,12803,Cyprus,2000,0.797,9.0
507,12804,Cyprus,2001,0.804,9.0
508,12805,Cyprus,2002,0.81,9.0
509,12806,Cyprus,2003,0.806,9.0
510,12807,Cyprus,2004,0.832,9.0
511,12808,Cyprus,2005,0.832,10.0
512,12809,Cyprus,2006,0.841,10.0
513,12810,Cyprus,2007,0.848,10.0
514,12811,Cyprus,2008,0.845,10.0
515,12812,Cyprus,2009,0.846,10.0
516,12813,Cyprus,2010,0.851,10.0
517,12814,Cyprus,2011,0.854,10.0
518,12815,Cyprus,2012,0.853,10.0
519,12816,Cyprus,2013,0.854,10.0
520,12817,Cyprus,2014,0.852,10.0
521,12818,Cyprus,2015,0.853,10.0
522,12819,Cyprus,2016,0.856,10.0
523,12820,Cyprus,2017,0.852,10.0
524,12821,Cyprus,2018,0.842,10.0
525,12822,Cyprus,2019,0.85,10.0
526,12823,Cyprus,2020,0.819,10.0
527,12824,Cyprus,2021,0.816,10.0
528,13700,Denmark,1998,0.905,9.0
529,13701,Denmark,1999,0.904,9.0
530,13702,Denmark,2000,0.904,9.0
531,13703,Denmark,2001,0.904,9.0
532,13704,Denmark,2002,0.907,9.0
533,13705,Denmark,2003,0.907,9.0
534,13706,Denmark,2004,0.907,9.0
535,13707,Denmark,2005,0.918,9.0
536,13708,Denmark,2006,0.919,9.0
537,13709,Denmark,2007,0.919,9.0
538,13710,Denmark,2008,0.918,9.0
539,13711,Denmark,2009,0.918,9.0
540,13712,Denmark,2010,0.918,9.0
541,13713,Denmark,2011,0.917,10.0
542,13714,Denmark,2012,0.915,10.0
543,13715,Denmark,2013,0.915,10.0
544,13716,Denmark,2014,0.915,10.0
545,13717,Denmark,2015,0.915,10.0
546,13718,Denmark,2016,0.914,10.0
547,13719,Denmark,2017,0.914,10.0
548,13720,Denmark,2018,0.914,10.0
549,13721,Denmark,2019,0.911,10.0
550,13722,Denmark,2020,0.908,10.0
551,13723,Denmark,2021,0.908,10.0
552,14463,Dominican Republic,1998,0.614,9.0
553,14464,Dominican Republic,1999,0.62,9.0
554,14465,Dominican Republic,2000,0.632,9.0
555,14466,Dominican Republic,2001,0.645,9.0
556,14467,Dominican Republic,2002,0.642,9.0
557,14468,Dominican Republic,2003,0.641,9.0
558,14469,Dominican Republic,2004,0.626,9.0
559,14470,Dominican Republic,2005,0.617,9.0
560,14471,Dominican Republic,2006,0.613,9.0
561,14472,Dominican Republic,2007,0.609,9.0
562,14473,Dominican Republic,2008,0.607,9.0
563,14474,Dominican Republic,2009,0.606,9.0
564,14475,Dominican Republic,2010,0.601,15.0
565,14476,Dominican Republic,2011,0.593,15.0
566,14477,Dominican Republic,2012,0.591,15.0
567,14478,Dominican Republic,2013,0.582,15.0
568,14479,Dominican Republic,2014,0.582,15.0
569,14480,Dominican Republic,2015,0.557,15.0
570,14481,Dominican Republic,2016,0.537,15.0
571,14482,Dominican Republic,2017,0.521,15.0
572,14483,Dominican Republic,2018,0.523,15.0
573,14484,Dominican Republic,2019,0.509,15.0
574,14485,Dominican Republic,2020,0.582,15.0
575,14486,Dominican Republic,2021,0.683,15.0
576,14756,Ecuador,1998,0.708,10.0
577,14757,Ecuador,1999,0.705,10.0
578,14758,Ecuador,2000,0.703,10.0
579,14759,Ecuador,2001,0.703,10.0
580,14760,Ecuador,2002,0.704,10.0
581,14761,Ecuador,2003,0.706,10.0
582,14762,Ecuador,2004,0.706,10.0
583,14763,Ecuador,2005,0.706,10.0
584,14764,Ecuador,2006,0.711,10.0
585,14765,Ecuador,2007,0.672,10.0
586,14766,Ecuador,2008,0.646,10.0
587,14767,Ecuador,2009,0.622,10.0
588,14768,Ecuador,2010,0.592,15.0
589,14769,Ecuador,2011,0.59,15.0
590,14770,Ecuador,2012,0.591,15.0
591,14771,Ecuador,2013,0.57,15.0
592,14772,Ecuador,2014,0.56,15.0
593,14773,Ecuador,2015,0.565,15.0
594,14774,Ecuador,2016,0.563,15.0
595,14775,Ecuador,2017,0.6,15.0
596,14776,Ecuador,2018,0.676,15.0
597,14777,Ecuador,2019,0.655,15.0
598,14778,Ecuador,2020,0.649,15.0
599,14779,Ecuador,2021,0.644,15.0
600,15235,El Salvador,1998,0.493,9.0
601,15236,El Salvador,1999,0.504,9.0
602,15237,El Salvador,2000,0.523,9.0
603,15238,El Salvador,2001,0.532,9.0
604,15239,El Salvador,2002,0.546,9.0
605,15240,El Salvador,2003,0.542,9.0
606,15241,El Salvador,2004,0.54,9.0
607,15242,El Salvador,2005,0.544,9.0
608,15243,El Salvador,2006,0.561,9.0
609,15244,El Salvador,2007,0.565,9.0
610,15245,El Salvador,2008,0.566,9.0
611,15246,El Salvador,2009,0.6,9.0
612,15247,El Salvador,2010,0.613,9.0
613,15248,El Salvador,2011,0.613,9.0
614,15249,El Salvador,2012,0.626,9.0
615,15250,El Salvador,2013,0.625,12.0
616,15251,El Salvador,2014,0.68,15.0
617,15252,El Salvador,2015,0.669,15.0
618,15253,El Salvador,2016,0.675,15.0
619,15254,El Salvador,2017,0.69,15.0
620,15255,El Salvador,2018,0.65,15.0
621,15256,El Salvador,2019,0.64,15.0
622,15257,El Salvador,2020,0.577,15.0
623,15258,El Salvador,2021,0.467,15.0
624,17848,Finland,1998,0.874,9.0
625,17849,Finland,1999,0.876,9.0
626,17850,Finland,2000,0.877,9.0
627,17851,Finland,2001,0.877,9.0
628,17852,Finland,2002,0.877,9.0
629,17853,Finland,2003,0.872,9.0
630,17854,Finland,2004,0.871,9.0
631,17855,Finland,2005,0.871,9.0
632,17856,Finland,2006,0.882,9.0
633,17857,Finland,2007,0.882,9.0
634,17858,Finland,2008,0.881,9.0
635,17859,Finland,2009,0.881,9.0
636,17860,Finland,2010,0.881,9.0
637,17861,Finland,2011,0.884,9.0
638,17862,Finland,2012,0.885,9.0
639,17863,Finland,2013,0.887,9.0
640,17864,Finland,2014,0.887,9.0
641,17865,Finland,2015,0.871,9.0
642,17866,Finland,2016,0.868,10.0
643,17867,Finland,2017,0.869,10.0
644,17868,Finland,2018,0.878,10.0
645,17869,Finland,2019,0.875,10.0
646,17870,Finland,2020,0.874,10.0
647,17871,Finland,2021,0.868,10.0
648,18171,France,1998,0.879,10.0
649,18172,France,1999,0.879,10.0
650,18173,France,2000,0.879,10.0
651,18174,France,2001,0.879,10.0
652,18175,France,2002,0.879,10.0
653,18176,France,2003,0.879,10.0
654,18177,France,2004,0.879,10.0
655,18178,France,2005,0.879,10.0
656,18179,France,2006,0.879,10.0
657,18180,France,2007,0.884,10.0
658,18181,France,2008,0.894,10.0
659,18182,France,2009,0.894,10.0
660,18183,France,2010,0.894,10.0
661,18184,France,2011,0.895,10.0
662,18185,France,2012,0.895,10.0
663,18186,France,2013,0.895,10.0
664,18187,France,2014,0.894,10.0
665,18188,France,2015,0.894,10.0
666,18189,France,2016,0.894,10.0
667,18190,France,2017,0.893,10.0
668,18191,France,2018,0.883,10.0
669,18192,France,2019,0.874,10.0
670,18193,France,2020,0.874,13.0
671,18194,France,2021,0.874,13.0
672,19410,Germany,1998,0.901,13.0
673,19411,Germany,1999,0.899,13.0
674,19412,Germany,2000,0.899,13.0
675,19413,Germany,2001,0.899,13.0
676,19414,Germany,2002,0.9,13.0
677,19415,Germany,2003,0.901,13.0
678,19416,Germany,2004,0.901,13.0
679,19417,Germany,2005,0.901,13.0
680,19418,Germany,2006,0.901,13.0
681,19419,Germany,2007,0.901,13.0
682,19420,Germany,2008,0.901,13.0
683,19421,Germany,2009,0.902,13.0
684,19422,Germany,2010,0.904,13.0
685,19423,Germany,2011,0.905,13.0
686,19424,Germany,2012,0.904,13.0
687,19425,Germany,2013,0.899,13.0
688,19426,Germany,2014,0.888,13.0
689,19427,Germany,2015,0.886,13.0
690,19428,Germany,2016,0.886,13.0
691,19429,Germany,2017,0.886,13.0
692,19430,Germany,2018,0.876,13.0
693,19431,Germany,2019,0.878,13.0
694,19432,Germany,2020,0.874,13.0
695,19433,Germany,2021,0.87,13.0
696,19570,Ghana,1998,0.608,9.0
697,19571,Ghana,1999,0.612,9.0
698,19572,Ghana,2000,0.64,9.0
699,19573,Ghana,2001,0.724,9.0
700,19574,Ghana,2002,0.733,9.0
701,19575,Ghana,2003,0.733,9.0
702,19576,Ghana,2004,0.733,9.0
703,19577,Ghana,2005,0.729,9.0
704,19578,Ghana,2006,0.729,9.0
705,19579,Ghana,2007,0.733,11.0
706,19580,Ghana,2008,0.735,11.0
707,19581,Ghana,2009,0.765,11.0
708,19582,Ghana,2010,0.773,11.0
709,19583,Ghana,2011,0.773,11.0
710,19584,Ghana,2012,0.778,11.0
711,19585,Ghana,2013,0.754,11.0
712,19586,Ghana,2014,0.743,11.0
713,19587,Ghana,2015,0.741,11.0
714,19588,Ghana,2016,0.738,11.0
715,19589,Ghana,2017,0.742,11.0
716,19590,Ghana,2018,0.746,11.0
717,19591,Ghana,2019,0.723,11.0
718,19592,Ghana,2020,0.72,11.0
719,19593,Ghana,2021,0.663,11.0
720,20012,Greece,1998,0.883,9.0
721,20013,Greece,1999,0.883,9.0
722,20014,Greece,2000,0.883,9.0
723,20015,Greece,2001,0.887,9.0
724,20016,Greece,2002,0.887,9.0
725,20017,Greece,2003,0.887,9.0
726,20018,Greece,2004,0.885,9.0
727,20019,Greece,2005,0.885,9.0
728,20020,Greece,2006,0.885,9.0
729,20021,Greece,2007,0.891,9.0
730,20022,Greece,2008,0.9,10.0
731,20023,Greece,2009,0.899,10.0
732,20024,Greece,2010,0.904,10.0
733,20025,Greece,2011,0.904,10.0
734,20026,Greece,2012,0.898,10.0
735,20027,Greece,2013,0.883,10.0
736,20028,Greece,2014,0.885,10.0
737,20029,Greece,2015,0.87,10.0
738,20030,Greece,2016,0.867,10.0
739,20031,Greece,2017,0.864,10.0
740,20032,Greece,2018,0.853,10.0
741,20033,Greece,2019,0.855,10.0
742,20034,Greece,2020,0.829,10.0
743,20035,Greece,2021,0.797,10.0
744,20838,Guatemala,1998,0.496,16.0
745,20839,Guatemala,1999,0.498,16.0
746,20840,Guatemala,2000,0.558,16.0
747,20841,Guatemala,2001,0.558,16.0
748,20842,Guatemala,2002,0.558,16.0
749,20843,Guatemala,2003,0.56,16.0
750,20844,Guatemala,2004,0.575,16.0
751,20845,Guatemala,2005,0.575,16.0
752,20846,Guatemala,2006,0.575,16.0
753,20847,Guatemala,2007,0.578,16.0
754,20848,Guatemala,2008,0.591,16.0
755,20849,Guatemala,2009,0.589,16.0
756,20850,Guatemala,2010,0.588,16.0
757,20851,Guatemala,2011,0.586,16.0
758,20852,Guatemala,2012,0.58,16.0
759,20853,Guatemala,2013,0.58,16.0
760,20854,Guatemala,2014,0.579,16.0
761,20855,Guatemala,2015,0.597,16.0
762,20856,Guatemala,2016,0.635,16.0
763,20857,Guatemala,2017,0.625,16.0
764,20858,Guatemala,2018,0.598,16.0
765,20859,Guatemala,2019,0.576,16.0
766,20860,Guatemala,2020,0.56,16.0
767,20861,Guatemala,2021,0.502,16.0
768,21590,Guyana,1998,0.537,6.0
769,21591,Guyana,1999,0.536,6.0
770,21592,Guyana,2000,0.53,6.0
771,21593,Guyana,2001,0.562,6.0
772,21594,Guyana,2002,0.574,6.0
773,21595,Guyana,2003,0.597,6.0
774,21596,Guyana,2004,0.597,6.0
775,21597,Guyana,2005,0.597,6.0
776,21598,Guyana,2006,0.595,6.0
777,21599,Guyana,2007,0.593,6.0
778,21600,Guyana,2008,0.591,6.0
779,21601,Guyana,2009,0.592,6.0
780,21602,Guyana,2010,0.593,6.0
781,21603,Guyana,2011,0.588,6.0
782,21604,Guyana,2012,0.588,6.0
783,21605,Guyana,2013,0.616,6.0
784,21606,Guyana,2014,0.614,6.0
785,21607,Guyana,2015,0.652,6.0
786,21608,Guyana,2016,0.671,6.0
787,21609,Guyana,2017,0.664,6.0
788,21610,Guyana,2018,0.682,6.0
789,21611,Guyana,2019,0.654,6.0
790,21612,Guyana,2020,0.578,6.0
791,21613,Guyana,2021,0.537,6.0
792,21960,Haiti,1998,0.444,6.0
793,21961,Haiti,1999,0.444,6.0
794,21962,Haiti,2000,0.424,6.0
795,21963,Haiti,2001,0.416,6.0
796,21964,Haiti,2002,0.416,6.0
797,21965,Haiti,2003,0.414,6.0
798,21966,Haiti,2004,0.25,6.0
799,21967,Haiti,2005,0.241,6.0
800,21968,Haiti,2006,0.373,6.0
801,21969,Haiti,2007,0.454,6.0
802,21970,Haiti,2008,0.454,6.0
803,21971,Haiti,2009,0.448,6.0
804,21972,Haiti,2010,0.446,6.0
805,21973,Haiti,2011,0.425,6.0
806,21974,Haiti,2012,0.433,6.0
807,21975,Haiti,2013,0.43,6.0
808,21976,Haiti,2014,0.43,6.0
809,21977,Haiti,2015,0.416,6.0
810,21978,Haiti,2016,0.4,6.0
811,21979,Haiti,2017,0.411,6.0
812,21980,Haiti,2018,0.421,6.0
813,21981,Haiti,2019,0.412,6.0
814,21982,Haiti,2020,0.386,6.0
815,21983,Haiti,2021,0.353,6.0
816,22577,Honduras,1998,0.557,9.0
817,22578,Honduras,1999,0.559,9.0
818,22579,Honduras,2000,0.559,9.0
819,22580,Honduras,2001,0.559,9.0
820,22581,Honduras,2002,0.557,9.0
821,22582,Honduras,2003,0.573,9.0
822,22583,Honduras,2004,0.573,9.0
823,22584,Honduras,2005,0.568,9.0
824,22585,Honduras,2006,0.526,9.0
825,22586,Honduras,2007,0.524,9.0
826,22587,Honduras,2008,0.524,9.0
827,22588,Honduras,2009,0.472,9.0
828,22589,Honduras,2010,0.412,9.0
829,22590,Honduras,2011,0.423,12.0
830,22591,Honduras,2012,0.42,12.0
831,22592,Honduras,2013,0.425,12.0
832,22593,Honduras,2014,0.449,12.0
833,22594,Honduras,2015,0.444,12.0
834,22595,Honduras,2016,0.442,12.0
835,22596,Honduras,2017,0.442,12.0
836,22597,Honduras,2018,0.379,12.0
837,22598,Honduras,2019,0.38,12.0
838,22599,Honduras,2020,0.381,12.0
839,22600,Honduras,2021,0.393,12.0
840,23326,Iceland,1998,0.871,10.0
841,23327,Iceland,1999,0.875,10.0
842,23328,Iceland,2000,0.877,10.0
843,23329,Iceland,2001,0.877,10.0
844,23330,Iceland,2002,0.877,10.0
845,23331,Iceland,2003,0.876,10.0
846,23332,Iceland,2004,0.874,10.0
847,23333,Iceland,2005,0.87,10.0
848,23334,Iceland,2006,0.87,10.0
849,23335,Iceland,2007,0.88,10.0
850,23336,Iceland,2008,0.888,10.0
851,23337,Iceland,2009,0.89,10.0
852,23338,Iceland,2010,0.883,10.0
853,23339,Iceland,2011,0.883,10.0
854,23340,Iceland,2012,0.879,10.0
855,23341,Iceland,2013,0.863,10.0
856,23342,Iceland,2014,0.862,10.0
857,23343,Iceland,2015,0.867,10.0
858,23344,Iceland,2016,0.863,10.0
859,23345,Iceland,2017,0.874,10.0
860,23346,Iceland,2018,0.884,10.0
861,23347,Iceland,2019,0.86,10.0
862,23348,Iceland,2020,0.845,10.0
863,23349,Iceland,2021,0.832,10.0
864,24483,Iraq,1998,0.147,6.0
865,24484,Iraq,1999,0.147,6.0
866,24485,Iraq,2000,0.146,6.0
867,24486,Iraq,2001,0.147,6.0
868,24487,Iraq,2002,0.147,6.0
869,24488,Iraq,2003,0.173,6.0
870,24489,Iraq,2004,0.185,6.0
871,24490,Iraq,2005,0.24,6.0
872,24491,Iraq,2006,0.413,6.0
873,24492,Iraq,2007,0.444,6.0
874,24493,Iraq,2008,0.442,6.0
875,24494,Iraq,2009,0.444,6.0
876,24495,Iraq,2010,0.432,6.0
877,24496,Iraq,2011,0.428,6.0
878,24497,Iraq,2012,0.426,6.0
879,24498,Iraq,2013,0.419,6.0
880,24499,Iraq,2014,0.402,6.0
881,24500,Iraq,2015,0.394,6.0
882,24501,Iraq,2016,0.403,6.0
883,24502,Iraq,2017,0.401,6.0
884,24503,Iraq,2018,0.398,6.0
885,24504,Iraq,2019,0.393,6.0
886,24505,Iraq,2020,0.375,6.0
887,24506,Iraq,2021,0.373,6.0
888,24752,Ireland,1998,0.879,8.0
889,24753,Ireland,1999,0.879,8.0
890,24754,Ireland,2000,0.882,10.0
891,24755,Ireland,2001,0.882,10.0
892,24756,Ireland,2002,0.883,10.0
893,24757,Ireland,2003,0.884,10.0
894,24758,Ireland,2004,0.884,10.0
895,24759,Ireland,2005,0.884,10.0
896,24760,Ireland,2006,0.884,10.0
897,24761,Ireland,2007,0.887,10.0
898,24762,Ireland,2008,0.889,10.0
899,24763,Ireland,2009,0.889,10.0
900,24764,Ireland,2010,0.889,10.0
901,24765,Ireland,2011,0.888,10.0
902,24766,Ireland,2012,0.889,10.0
903,24767,Ireland,2013,0.887,10.0
904,24768,Ireland,2014,0.887,10.0
905,24769,Ireland,2015,0.887,10.0
906,24770,Ireland,2016,0.876,10.0
907,24771,Ireland,2017,0.876,10.0
908,24772,Ireland,2018,0.876,10.0
909,24773,Ireland,2019,0.876,10.0
910,24774,Ireland,2020,0.874,10.0
911,24775,Ireland,2021,0.885,10.0
912,25336,Italy,1998,0.854,8.0
913,25337,Italy,1999,0.854,8.0
914,25338,Italy,2000,0.846,8.0
915,25339,Italy,2001,0.839,8.0
916,25340,Italy,2002,0.844,8.0
917,25341,Italy,2003,0.844,12.0
918,25342,Italy,2004,0.844,12.0
919,25343,Italy,2005,0.85,12.0
920,25344,Italy,2006,0.856,12.0
921,25345,Italy,2007,0.864,12.0
922,25346,Italy,2008,0.861,12.0
923,25347,Italy,2009,0.86,12.0
924,25348,Italy,2010,0.855,12.0
925,25349,Italy,2011,0.861,12.0
926,25350,Italy,2012,0.871,12.0
927,25351,Italy,2013,0.867,12.0
928,25352,Italy,2014,0.867,12.0
929,25353,Italy,2015,0.867,12.0
930,25354,Italy,2016,0.875,12.0
931,25355,Italy,2017,0.872,12.0
932,25356,Italy,2018,0.871,12.0
933,25357,Italy,2019,0.859,12.0
934,25358,Italy,2020,0.855,12.0
935,25359,Italy,2021,0.851,12.0
936,25510,Jamaica,1998,0.682,6.0
937,25511,Jamaica,1999,0.682,6.0
938,25512,Jamaica,2000,0.685,6.0
939,25513,Jamaica,2001,0.685,6.0
940,25514,Jamaica,2002,0.699,6.0
941,25515,Jamaica,2003,0.75,6.0
942,25516,Jamaica,2004,0.75,6.0
943,25517,Jamaica,2005,0.762,6.0
944,25518,Jamaica,2006,0.767,6.0
945,25519,Jamaica,2007,0.773,6.0
946,25520,Jamaica,2008,0.784,6.0
947,25521,Jamaica,2009,0.784,6.0
948,25522,Jamaica,2010,0.784,6.0
949,25523,Jamaica,2011,0.784,6.0
950,25524,Jamaica,2012,0.792,6.0
951,25525,Jamaica,2013,0.812,6.0
952,25526,Jamaica,2014,0.812,6.0
953,25527,Jamaica,2015,0.812,6.0
954,25528,Jamaica,2016,0.815,6.0
955,25529,Jamaica,2017,0.818,6.0
956,25530,Jamaica,2018,0.818,6.0
957,25531,Jamaica,2019,0.813,6.0
958,25532,Jamaica,2020,0.817,6.0
959,25533,Jamaica,2021,0.806,6.0
960,26081,Jordan,1998,0.232,10.0
961,26082,Jordan,1999,0.231,10.0
962,26083,Jordan,2000,0.192,10.0
963,26084,Jordan,2001,0.192,10.0
964,26085,Jordan,2002,0.192,10.0
965,26086,Jordan,2003,0.215,10.0
966,26087,Jordan,2004,0.235,10.0
967,26088,Jordan,2005,0.235,10.0
968,26089,Jordan,2006,0.238,10.0
969,26090,Jordan,2007,0.238,10.0
970,26091,Jordan,2008,0.241,10.0
971,26092,Jordan,2009,0.242,10.0
972,26093,Jordan,2010,0.247,10.0
973,26094,Jordan,2011,0.256,10.0
974,26095,Jordan,2012,0.254,10.0
975,26096,Jordan,2013,0.263,10.0
976,26097,Jordan,2014,0.265,10.0
977,26098,Jordan,2015,0.265,10.0
978,26099,Jordan,2016,0.248,10.0
979,26100,Jordan,2017,0.271,10.0
980,26101,Jordan,2018,0.271,10.0
981,26102,Jordan,2019,0.268,10.0
982,26103,Jordan,2020,0.267,10.0
983,26104,Jordan,2021,0.258,10.0
984,26631,Kenya,1998,0.359,8.0
985,26632,Kenya,1999,0.359,8.0
986,26633,Kenya,2000,0.374,8.0
987,26634,Kenya,2001,0.377,8.0
988,26635,Kenya,2002,0.378,8.0
989,26636,Kenya,2003,0.491,8.0
990,26637,Kenya,2004,0.491,8.0
991,26638,Kenya,2005,0.491,8.0
992,26639,Kenya,2006,0.49,8.0
993,26640,Kenya,2007,0.49,8.0
994,26641,Kenya,2008,0.397,8.0
995,26642,Kenya,2009,0.398,8.0
996,26643,Kenya,2010,0.408,8.0
997,26644,Kenya,2011,0.406,8.0
998,26645,Kenya,2012,0.406,8.0
999,26646,Kenya,2013,0.495,12.0
1000,26647,Kenya,2014,0.512,12.0
1001,26648,Kenya,2015,0.512,12.0
1002,26649,Kenya,2016,0.503,12.0
1003,26650,Kenya,2017,0.481,12.0
1004,26651,Kenya,2018,0.455,12.0
1005,26652,Kenya,2019,0.458,12.0
1006,26653,Kenya,2020,0.462,12.0
1007,26654,Kenya,2021,0.471,12.0
1008,27184,Kuwait,1998,0.285,9.0
1009,27185,Kuwait,1999,0.284,9.0
1010,27186,Kuwait,2000,0.283,9.0
1011,27187,Kuwait,2001,0.267,9.0
1012,27188,Kuwait,2002,0.28,9.0
1013,27189,Kuwait,2003,0.284,9.0
1014,27190,Kuwait,2004,0.284,9.0
1015,27191,Kuwait,2005,0.325,9.0
1016,27192,Kuwait,2006,0.323,9.0
1017,27193,Kuwait,2007,0.319,9.0
1018,27194,Kuwait,2008,0.321,9.0
1019,27195,Kuwait,2009,0.323,9.0
1020,27196,Kuwait,2010,0.32,9.0
1021,27197,Kuwait,2011,0.319,9.0
1022,27198,Kuwait,2012,0.305,9.0
1023,27199,Kuwait,2013,0.307,9.0
1024,27200,Kuwait,2014,0.312,9.0
1025,27201,Kuwait,2015,0.309,9.0
1026,27202,Kuwait,2016,0.309,9.0
1027,27203,Kuwait,2017,0.321,9.0
1028,27204,Kuwait,2018,0.315,9.0
1029,27205,Kuwait,2019,0.315,9.0
1030,27206,Kuwait,2020,0.315,9.0
1031,27207,Kuwait,2021,0.298,9.0
1032,29009,Libya,1998,0.072,9.0
1033,29010,Libya,1999,0.072,9.0
1034,29011,Libya,2000,0.072,9.0
1035,29012,Libya,2001,0.072,9.0
1036,29013,Libya,2002,0.072,9.0
1037,29014,Libya,2003,0.072,9.0
1038,29015,Libya,2004,0.073,9.0
1039,29016,Libya,2005,0.073,9.0
1040,29017,Libya,2006,0.073,9.0
1041,29018,Libya,2007,0.073,9.0
1042,29019,Libya,2008,0.073,9.0
1043,29020,Libya,2009,0.072,9.0
1044,29021,Libya,2010,0.072,9.0
1045,29022,Libya,2011,0.174,9.0
1046,29023,Libya,2012,0.317,9.0
1047,29024,Libya,2013,0.54,9.0
1048,29025,Libya,2014,0.28,9.0
1049,29026,Libya,2015,0.285,9.0
1050,29027,Libya,2016,0.285,9.0
1051,29028,Libya,2017,0.276,9.0
1052,29029,Libya,2018,0.272,9.0
1053,29030,Libya,2019,0.27,9.0
1054,29031,Libya,2020,0.271,9.0
1055,29032,Libya,2021,0.272,9.0
1056,30312,Luxembourg,1998,0.873,11.0
1057,30313,Luxembourg,1999,0.874,11.0
1058,30314,Luxembourg,2000,0.875,11.0
1059,30315,Luxembourg,2001,0.875,11.0
1060,30316,Luxembourg,2002,0.875,11.0
1061,30317,Luxembourg,2003,0.875,11.0
1062,30318,Luxembourg,2004,0.874,11.0
1063,30319,Luxembourg,2005,0.874,11.0
1064,30320,Luxembourg,2006,0.874,11.0
1065,30321,Luxembourg,2007,0.874,11.0
1066,30322,Luxembourg,2008,0.874,11.0
1067,30323,Luxembourg,2009,0.875,12.0
1068,30324,Luxembourg,2010,0.876,12.0
1069,30325,Luxembourg,2011,0.876,12.0
1070,30326,Luxembourg,2012,0.876,12.0
1071,30327,Luxembourg,2013,0.877,12.0
1072,30328,Luxembourg,2014,0.881,12.0
1073,30329,Luxembourg,2015,0.881,12.0
1074,30330,Luxembourg,2016,0.881,12.0
1075,30331,Luxembourg,2017,0.881,12.0
1076,30332,Luxembourg,2018,0.881,12.0
1077,30333,Luxembourg,2019,0.878,12.0
1078,30334,Luxembourg,2020,0.878,12.0
1079,30335,Luxembourg,2021,0.878,12.0
1080,30917,Malawi,1998,0.564,8.0
1081,30918,Malawi,1999,0.513,8.0
1082,30919,Malawi,2000,0.469,8.0
1083,30920,Malawi,2001,0.469,8.0
1084,30921,Malawi,2002,0.469,8.0
1085,30922,Malawi,2003,0.469,8.0
1086,30923,Malawi,2004,0.451,8.0
1087,30924,Malawi,2005,0.442,8.0
1088,30925,Malawi,2006,0.449,8.0
1089,30926,Malawi,2007,0.449,8.0
1090,30927,Malawi,2008,0.449,8.0
1091,30928,Malawi,2009,0.501,8.0
1092,30929,Malawi,2010,0.52,8.0
1093,30930,Malawi,2011,0.521,8.0
1094,30931,Malawi,2012,0.535,8.0
1095,30932,Malawi,2013,0.561,8.0
1096,30933,Malawi,2014,0.546,8.0
1097,30934,Malawi,2015,0.54,8.0
1098,30935,Malawi,2016,0.536,8.0
1099,30936,Malawi,2017,0.546,8.0
1100,30937,Malawi,2018,0.536,8.0
1101,30938,Malawi,2019,0.489,8.0
1102,30939,Malawi,2020,0.543,8.0
1103,30940,Malawi,2021,0.618,8.0
1104,31657,Mali,1998,0.512,9.0
1105,31658,Mali,1999,0.512,9.0
1106,31659,Mali,2000,0.512,9.0
1107,31660,Mali,2001,0.512,9.0
1108,31661,Mali,2002,0.586,9.0
1109,31662,Mali,2003,0.614,9.0
1110,31663,Mali,2004,0.614,9.0
1111,31664,Mali,2005,0.614,9.0
1112,31665,Mali,2006,0.614,9.0
1113,31666,Mali,2007,0.602,9.0
1114,31667,Mali,2008,0.596,9.0
1115,31668,Mali,2009,0.598,9.0
1116,31669,Mali,2010,0.597,9.0
1117,31670,Mali,2011,0.597,9.0
1118,31671,Mali,2012,0.331,9.0
1119,31672,Mali,2013,0.325,9.0
1120,31673,Mali,2014,0.527,9.0
1121,31674,Mali,2015,0.529,9.0
1122,31675,Mali,2016,0.529,9.0
1123,31676,Mali,2017,0.518,9.0
1124,31677,Mali,2018,0.5,9.0
1125,31678,Mali,2019,0.487,9.0
1126,31679,Mali,2020,0.405,9.0
1127,31680,Mali,2021,0.254,9.0
1128,31916,Malta,1998,0.793,11.0
1129,31917,Malta,1999,0.793,11.0
1130,31918,Malta,2000,0.793,11.0
1131,31919,Malta,2001,0.793,11.0
1132,31920,Malta,2002,0.793,11.0
1133,31921,Malta,2003,0.794,11.0
1134,31922,Malta,2004,0.794,11.0
1135,31923,Malta,2005,0.794,11.0
1136,31924,Malta,2006,0.794,11.0
1137,31925,Malta,2007,0.787,11.0
1138,31926,Malta,2008,0.812,11.0
1139,31927,Malta,2009,0.826,11.0
1140,31928,Malta,2010,0.826,11.0
1141,31929,Malta,2011,0.826,11.0
1142,31930,Malta,2012,0.822,11.0
1143,31931,Malta,2013,0.796,11.0
1144,31932,Malta,2014,0.78,11.0
1145,31933,Malta,2015,0.78,11.0
1146,31934,Malta,2016,0.776,11.0
1147,31935,Malta,2017,0.768,11.0
1148,31936,Malta,2018,0.762,11.0
1149,31937,Malta,2019,0.771,11.0
1150,31938,Malta,2020,0.774,11.0
1151,31939,Malta,2021,0.777,11.0
1152,32774,Mauritius,1998,0.753,6.0
1153,32775,Mauritius,1999,0.753,6.0
1154,32776,Mauritius,2000,0.755,6.0
1155,32777,Mauritius,2001,0.755,6.0
1156,32778,Mauritius,2002,0.758,6.0
1157,32779,Mauritius,2003,0.758,6.0
1158,32780,Mauritius,2004,0.758,11.0
1159,32781,Mauritius,2005,0.763,11.0
1160,32782,Mauritius,2006,0.768,11.0
1161,32783,Mauritius,2007,0.768,11.0
1162,32784,Mauritius,2008,0.768,11.0
1163,32785,Mauritius,2009,0.768,11.0
1164,32786,Mauritius,2010,0.775,11.0
1165,32787,Mauritius,2011,0.775,11.0
1166,32788,Mauritius,2012,0.775,11.0
1167,32789,Mauritius,2013,0.766,11.0
1168,32790,Mauritius,2014,0.761,11.0
1169,32791,Mauritius,2015,0.786,11.0
1170,32792,Mauritius,2016,0.786,11.0
1171,32793,Mauritius,2017,0.786,11.0
1172,32794,Mauritius,2018,0.789,11.0
1173,32795,Mauritius,2019,0.764,11.0
1174,32796,Mauritius,2020,0.581,11.0
1175,32797,Mauritius,2021,0.593,11.0
1176,33295,Mexico,1998,0.601,9.0
1177,33296,Mexico,1999,0.604,9.0
1178,33297,Mexico,2000,0.641,9.0
1179,33298,Mexico,2001,0.682,11.0
1180,33299,Mexico,2002,0.695,11.0
1181,33300,Mexico,2003,0.703,11.0
1182,33301,Mexico,2004,0.711,11.0
1183,33302,Mexico,2005,0.711,11.0
1184,33303,Mexico,2006,0.672,11.0
1185,33304,Mexico,2007,0.637,11.0
1186,33305,Mexico,2008,0.646,11.0
1187,33306,Mexico,2009,0.647,11.0
1188,33307,Mexico,2010,0.654,11.0
1189,33308,Mexico,2011,0.652,11.0
1190,33309,Mexico,2012,0.649,14.0
1191,33310,Mexico,2013,0.623,14.0
1192,33311,Mexico,2014,0.623,14.0
1193,33312,Mexico,2015,0.633,14.0
1194,33313,Mexico,2016,0.636,14.0
1195,33314,Mexico,2017,0.63,14.0
1196,33315,Mexico,2018,0.674,14.0
1197,33316,Mexico,2019,0.669,14.0
1198,33317,Mexico,2020,0.647,14.0
1199,33318,Mexico,2021,0.628,14.0
1200,34926,Morocco,1998,0.215,6.0
1201,34927,Morocco,1999,0.215,6.0
1202,34928,Morocco,2000,0.241,9.0
1203,34929,Morocco,2001,0.241,9.0
1204,34930,Morocco,2002,0.245,9.0
1205,34931,Morocco,2003,0.255,9.0
1206,34932,Morocco,2004,0.255,9.0
1207,34933,Morocco,2005,0.262,9.0
1208,34934,Morocco,2006,0.261,9.0
1209,34935,Morocco,2007,0.26,9.0
1210,34936,Morocco,2008,0.256,9.0
1211,34937,Morocco,2009,0.257,9.0
1212,34938,Morocco,2010,0.261,9.0
1213,34939,Morocco,2011,0.264,9.0
1214,34940,Morocco,2012,0.268,9.0
1215,34941,Morocco,2013,0.272,9.0
1216,34942,Morocco,2014,0.272,9.0
1217,34943,Morocco,2015,0.268,9.0
1218,34944,Morocco,2016,0.268,9.0
1219,34945,Morocco,2017,0.263,9.0
1220,34946,Morocco,2018,0.264,9.0
1221,34947,Morocco,2019,0.262,9.0
1222,34948,Morocco,2020,0.26,9.0
1223,34949,Morocco,2021,0.261,9.0
1224,35454,Myanmar,1998,0.089,5.0
1225,35455,Myanmar,1999,0.089,5.0
1226,35456,Myanmar,2000,0.089,5.0
1227,35457,Myanmar,2001,0.089,5.0
1228,35458,Myanmar,2002,0.089,5.0
1229,35459,Myanmar,2003,0.089,5.0
1230,35460,Myanmar,2004,0.089,5.0
1231,35461,Myanmar,2005,0.089,5.0
1232,35462,Myanmar,2006,0.089,5.0
1233,35463,Myanmar,2007,0.089,5.0
1234,35464,Myanmar,2008,0.089,5.0
1235,35465,Myanmar,2009,0.091,5.0
1236,35466,Myanmar,2010,0.109,5.0
1237,35467,Myanmar,2011,0.223,5.0
1238,35468,Myanmar,2012,0.301,5.0
1239,35469,Myanmar,2013,0.356,5.0
1240,35470,Myanmar,2014,0.359,5.0
1241,35471,Myanmar,2015,0.368,5.0
1242,35472,Myanmar,2016,0.406,5.0
1243,35473,Myanmar,2017,0.41,5.0
1244,35474,Myanmar,2018,0.4,5.0
1245,35475,Myanmar,2019,0.434,5.0
1246,35476,Myanmar,2020,0.436,5.0
1247,35477,Myanmar,2021,0.126,5.0
1248,36474,Netherlands,1998,0.852,13.0
1249,36475,Netherlands,1999,0.869,13.0
1250,36476,Netherlands,2000,0.862,13.0
1251,36477,Netherlands,2001,0.862,13.0
1252,36478,Netherlands,2002,0.856,13.0
1253,36479,Netherlands,2003,0.862,13.0
1254,36480,Netherlands,2004,0.862,13.0
1255,36481,Netherlands,2005,0.862,13.0
1256,36482,Netherlands,2006,0.864,13.0
1257,36483,Netherlands,2007,0.872,13.0
1258,36484,Netherlands,2008,0.872,13.0
1259,36485,Netherlands,2009,0.872,13.0
1260,36486,Netherlands,2010,0.876,13.0
1261,36487,Netherlands,2011,0.871,13.0
1262,36488,Netherlands,2012,0.871,13.0
1263,36489,Netherlands,2013,0.876,13.0
1264,36490,Netherlands,2014,0.878,13.0
1265,36491,Netherlands,2015,0.878,13.0
1266,36492,Netherlands,2016,0.878,13.0
1267,36493,Netherlands,2017,0.876,13.0
1268,36494,Netherlands,2018,0.877,13.0
1269,36495,Netherlands,2019,0.87,13.0
1270,36496,Netherlands,2020,0.865,13.0
1271,36497,Netherlands,2021,0.862,13.0
1272,36866,New Zealand,1998,0.888,10.0
1273,36867,New Zealand,1999,0.888,10.0
1274,36868,New Zealand,2000,0.89,10.0
1275,36869,New Zealand,2001,0.89,10.0
1276,36870,New Zealand,2002,0.889,10.0
1277,36871,New Zealand,2003,0.887,10.0
1278,36872,New Zealand,2004,0.887,10.0
1279,36873,New Zealand,2005,0.887,10.0
1280,36874,New Zealand,2006,0.886,10.0
1281,36875,New Zealand,2007,0.886,10.0
1282,36876,New Zealand,2008,0.889,10.0
1283,36877,New Zealand,2009,0.902,10.0
1284,36878,New Zealand,2010,0.904,10.0
1285,36879,New Zealand,2011,0.902,10.0
1286,36880,New Zealand,2012,0.901,10.0
1287,36881,New Zealand,2013,0.894,10.0
1288,36882,New Zealand,2014,0.892,10.0
1289,36883,New Zealand,2015,0.891,10.0
1290,36884,New Zealand,2016,0.891,10.0
1291,36885,New Zealand,2017,0.888,10.0
1292,36886,New Zealand,2018,0.897,10.0
1293,36887,New Zealand,2019,0.897,10.0
1294,36888,New Zealand,2020,0.895,10.0
1295,36889,New Zealand,2021,0.887,10.0
1296,37055,Nicaragua,1998,0.643,6.0
1297,37056,Nicaragua,1999,0.605,6.0
1298,37057,Nicaragua,2000,0.604,6.0
1299,37058,Nicaragua,2001,0.607,6.0
1300,37059,Nicaragua,2002,0.627,6.0
1301,37060,Nicaragua,2003,0.621,6.0
1302,37061,Nicaragua,2004,0.621,6.0
1303,37062,Nicaragua,2005,0.621,6.0
1304,37063,Nicaragua,2006,0.603,7.0
1305,37064,Nicaragua,2007,0.485,7.0
1306,37065,Nicaragua,2008,0.471,7.0
1307,37066,Nicaragua,2009,0.47,7.0
1308,37067,Nicaragua,2010,0.465,7.0
1309,37068,Nicaragua,2011,0.455,7.0
1310,37069,Nicaragua,2012,0.389,7.0
1311,37070,Nicaragua,2013,0.34,7.0
1312,37071,Nicaragua,2014,0.339,7.0
1313,37072,Nicaragua,2015,0.338,7.0
1314,37073,Nicaragua,2016,0.332,7.0
1315,37074,Nicaragua,2017,0.296,7.0
1316,37075,Nicaragua,2018,0.237,7.0
1317,37076,Nicaragua,2019,0.231,7.0
1318,37077,Nicaragua,2020,0.239,7.0
1319,37078,Nicaragua,2021,0.233,7.0
1320,38879,Norway,1998,0.889,10.0
1321,38880,Norway,1999,0.889,10.0
1322,38881,Norway,2000,0.896,10.0
1323,38882,Norway,2001,0.896,10.0
1324,38883,Norway,2002,0.895,10.0
1325,38884,Norway,2003,0.895,10.0
1326,38885,Norway,2004,0.895,10.0
1327,38886,Norway,2005,0.896,10.0
1328,38887,Norway,2006,0.899,10.0
1329,38888,Norway,2007,0.899,10.0
1330,38889,Norway,2008,0.899,10.0
1331,38890,Norway,2009,0.899,10.0
1332,38891,Norway,2010,0.899,10.0
1333,38892,Norway,2011,0.9,10.0
1334,38893,Norway,2012,0.9,10.0
1335,38894,Norway,2013,0.898,10.0
1336,38895,Norway,2014,0.892,10.0
1337,38896,Norway,2015,0.897,10.0
1338,38897,Norway,2016,0.897,10.0
1339,38898,Norway,2017,0.894,10.0
1340,38899,Norway,2018,0.885,10.0
1341,38900,Norway,2019,0.892,10.0
1342,38901,Norway,2020,0.898,10.0
1343,38902,Norway,2021,0.898,10.0
1344,39654,Pakistan,1998,0.387,12.0
1345,39655,Pakistan,1999,0.313,12.0
1346,39656,Pakistan,2000,0.204,12.0
1347,39657,Pakistan,2001,0.204,12.0
1348,39658,Pakistan,2002,0.288,12.0
1349,39659,Pakistan,2003,0.36,12.0
1350,39660,Pakistan,2004,0.36,12.0
1351,39661,Pakistan,2005,0.364,12.0
1352,39662,Pakistan,2006,0.36,12.0
1353,39663,Pakistan,2007,0.354,12.0
1354,39664,Pakistan,2008,0.413,12.0
1355,39665,Pakistan,2009,0.432,12.0
1356,39666,Pakistan,2010,0.465,12.0
1357,39667,Pakistan,2011,0.463,12.0
1358,39668,Pakistan,2012,0.46,12.0
1359,39669,Pakistan,2013,0.456,12.0
1360,39670,Pakistan,2014,0.455,12.0
1361,39671,Pakistan,2015,0.425,12.0
1362,39672,Pakistan,2016,0.405,12.0
1363,39673,Pakistan,2017,0.403,12.0
1364,39674,Pakistan,2018,0.386,12.0
1365,39675,Pakistan,2019,0.351,12.0
1366,39676,Pakistan,2020,0.35,12.0
1367,39677,Pakistan,2021,0.363,12.0
1368,40384,Panama,1998,0.705,11.0
1369,40385,Panama,1999,0.707,11.0
1370,40386,Panama,2000,0.738,11.0
1371,40387,Panama,2001,0.744,11.0
1372,40388,Panama,2002,0.744,11.0
1373,40389,Panama,2003,0.744,11.0
1374,40390,Panama,2004,0.744,11.0
1375,40391,Panama,2005,0.743,11.0
1376,40392,Panama,2006,0.743,11.0
1377,40393,Panama,2007,0.743,11.0
1378,40394,Panama,2008,0.743,11.0
1379,40395,Panama,2009,0.752,11.0
1380,40396,Panama,2010,0.753,11.0
1381,40397,Panama,2011,0.753,11.0
1382,40398,Panama,2012,0.753,11.0
1383,40399,Panama,2013,0.762,11.0
1384,40400,Panama,2014,0.753,11.0
1385,40401,Panama,2015,0.759,11.0
1386,40402,Panama,2016,0.759,11.0
1387,40403,Panama,2017,0.742,11.0
1388,40404,Panama,2018,0.733,11.0
1389,40405,Panama,2019,0.738,11.0
1390,40406,Panama,2020,0.742,11.0
1391,40407,Panama,2021,0.75,11.0
1392,41070,Paraguay,1998,0.539,9.0
1393,41071,Paraguay,1999,0.541,9.0
1394,41072,Paraguay,2000,0.545,9.0
1395,41073,Paraguay,2001,0.545,9.0
1396,41074,Paraguay,2002,0.545,9.0
1397,41075,Paraguay,2003,0.569,9.0
1398,41076,Paraguay,2004,0.602,9.0
1399,41077,Paraguay,2005,0.602,9.0
1400,41078,Paraguay,2006,0.602,9.0
1401,41079,Paraguay,2007,0.602,9.0
1402,41080,Paraguay,2008,0.596,9.0
1403,41081,Paraguay,2009,0.635,9.0
1404,41082,Paraguay,2010,0.644,9.0
1405,41083,Paraguay,2011,0.637,13.0
1406,41084,Paraguay,2012,0.606,13.0
1407,41085,Paraguay,2013,0.59,13.0
1408,41086,Paraguay,2014,0.601,13.0
1409,41087,Paraguay,2015,0.587,13.0
1410,41088,Paraguay,2016,0.587,13.0
1411,41089,Paraguay,2017,0.588,13.0
1412,41090,Paraguay,2018,0.582,13.0
1413,41091,Paraguay,2019,0.577,13.0
1414,41092,Paraguay,2020,0.57,13.0
1415,41093,Paraguay,2021,0.57,13.0
1416,41373,Peru,1998,0.358,12.0
1417,41374,Peru,1999,0.358,12.0
1418,41375,Peru,2000,0.427,12.0
1419,41376,Peru,2001,0.696,12.0
1420,41377,Peru,2002,0.793,12.0
1421,41378,Peru,2003,0.793,12.0
1422,41379,Peru,2004,0.791,12.0
1423,41380,Peru,2005,0.791,12.0
1424,41381,Peru,2006,0.788,12.0
1425,41382,Peru,2007,0.786,12.0
1426,41383,Peru,2008,0.79,12.0
1427,41384,Peru,2009,0.789,12.0
1428,41385,Peru,2010,0.795,12.0
1429,41386,Peru,2011,0.801,12.0
1430,41387,Peru,2012,0.809,14.0
1431,41388,Peru,2013,0.806,14.0
1432,41389,Peru,2014,0.805,14.0
1433,41390,Peru,2015,0.795,14.0
1434,41391,Peru,2016,0.775,14.0
1435,41392,Peru,2017,0.775,14.0
1436,41393,Peru,2018,0.793,14.0
1437,41394,Peru,2019,0.785,14.0
1438,41395,Peru,2020,0.803,14.0
1439,41396,Peru,2021,0.759,14.0
1440,41559,Philippines,1998,0.582,10.0
1441,41560,Philippines,1999,0.581,10.0
1442,41561,Philippines,2000,0.59,10.0
1443,41562,Philippines,2001,0.554,10.0
1444,41563,Philippines,2002,0.529,10.0
1445,41564,Philippines,2003,0.528,10.0
1446,41565,Philippines,2004,0.495,10.0
1447,41566,Philippines,2005,0.47,10.0
1448,41567,Philippines,2006,0.471,10.0
1449,41568,Philippines,2007,0.473,10.0
1450,41569,Philippines,2008,0.475,10.0
1451,41570,Philippines,2009,0.475,10.0
1452,41571,Philippines,2010,0.524,10.0
1453,41572,Philippines,2011,0.553,10.0
1454,41573,Philippines,2012,0.553,11.0
1455,41574,Philippines,2013,0.553,11.0
1456,41575,Philippines,2014,0.552,11.0
1457,41576,Philippines,2015,0.552,11.0
1458,41577,Philippines,2016,0.522,11.0
1459,41578,Philippines,2017,0.506,11.0
1460,41579,Philippines,2018,0.479,13.0
1461,41580,Philippines,2019,0.458,13.0
1462,41581,Philippines,2020,0.429,13.0
1463,41582,Philippines,2021,0.429,13.0
1464,42264,Portugal,1998,0.871,9.0
1465,42265,Portugal,1999,0.87,9.0
1466,42266,Portugal,2000,0.869,9.0
1467,42267,Portugal,2001,0.874,9.0
1468,42268,Portugal,2002,0.879,9.0
1469,42269,Portugal,2003,0.882,9.0
1470,42270,Portugal,2004,0.882,9.0
1471,42271,Portugal,2005,0.894,9.0
1472,42272,Portugal,2006,0.897,9.0
1473,42273,Portugal,2007,0.897,9.0
1474,42274,Portugal,2008,0.894,9.0
1475,42275,Portugal,2009,0.895,12.0
1476,42276,Portugal,2010,0.894,12.0
1477,42277,Portugal,2011,0.886,12.0
1478,42278,Portugal,2012,0.892,12.0
1479,42279,Portugal,2013,0.887,12.0
1480,42280,Portugal,2014,0.887,12.0
1481,42281,Portugal,2015,0.889,12.0
1482,42282,Portugal,2016,0.892,12.0
1483,42283,Portugal,2017,0.896,12.0
1484,42284,Portugal,2018,0.898,12.0
1485,42285,Portugal,2019,0.893,12.0
1486,42286,Portugal,2020,0.882,12.0
1487,42287,Portugal,2021,0.883,12.0
1488,46058,Senegal,1998,0.654,6.0
1489,46059,Senegal,1999,0.652,6.0
1490,46060,Senegal,2000,0.683,6.0
1491,46061,Senegal,2001,0.609,6.0
1492,46062,Senegal,2002,0.694,6.0
1493,46063,Senegal,2003,0.694,6.0
1494,46064,Senegal,2004,0.694,11.0
1495,46065,Senegal,2005,0.694,11.0
1496,46066,Senegal,2006,0.694,11.0
1497,46067,Senegal,2007,0.691,11.0
1498,46068,Senegal,2008,0.687,11.0
1499,46069,Senegal,2009,0.689,11.0
1500,46070,Senegal,2010,0.693,11.0
1501,46071,Senegal,2011,0.693,11.0
1502,46072,Senegal,2012,0.689,11.0
1503,46073,Senegal,2013,0.719,11.0
1504,46074,Senegal,2014,0.718,11.0
1505,46075,Senegal,2015,0.718,11.0
1506,46076,Senegal,2016,0.716,11.0
1507,46077,Senegal,2017,0.715,11.0
1508,46078,Senegal,2018,0.702,11.0
1509,46079,Senegal,2019,0.731,11.0
1510,46080,Senegal,2020,0.741,11.0
1511,46081,Senegal,2021,0.708,11.0
1512,46400,Serbia,1998,0.282,8.0
1513,46401,Serbia,1999,0.283,8.0
1514,46402,Serbia,2000,0.349,8.0
1515,46403,Serbia,2001,0.592,8.0
1516,46404,Serbia,2002,0.612,8.0
1517,46405,Serbia,2003,0.659,8.0
1518,46406,Serbia,2004,0.643,8.0
1519,46407,Serbia,2005,0.642,8.0
1520,46408,Serbia,2006,0.642,8.0
1521,46409,Serbia,2007,0.641,8.0
1522,46410,Serbia,2008,0.642,8.0
1523,46411,Serbia,2009,0.643,8.0
1524,46412,Serbia,2010,0.632,8.0
1525,46413,Serbia,2011,0.618,8.0
1526,46414,Serbia,2012,0.609,8.0
1527,46415,Serbia,2013,0.504,8.0
1528,46416,Serbia,2014,0.446,8.0
1529,46417,Serbia,2015,0.429,8.0
1530,46418,Serbia,2016,0.419,8.0
1531,46419,Serbia,2017,0.378,8.0
1532,46420,Serbia,2018,0.356,8.0
1533,46421,Serbia,2019,0.361,8.0
1534,46422,Serbia,2020,0.353,8.0
1535,46423,Serbia,2021,0.336,8.0
1536,48541,South Africa,1998,0.677,9.0
1537,48542,South Africa,1999,0.719,9.0
1538,48543,South Africa,2000,0.763,9.0
1539,48544,South Africa,2001,0.763,9.0
1540,48545,South Africa,2002,0.763,9.0
1541,48546,South Africa,2003,0.763,9.0
1542,48547,South Africa,2004,0.78,9.0
1543,48548,South Africa,2005,0.789,9.0
1544,48549,South Africa,2006,0.789,9.0
1545,48550,South Africa,2007,0.789,9.0
1546,48551,South Africa,2008,0.785,9.0
1547,48552,South Africa,2009,0.778,9.0
1548,48553,South Africa,2010,0.778,9.0
1549,48554,South Africa,2011,0.774,9.0
1550,48555,South Africa,2012,0.78,9.0
1551,48556,South Africa,2013,0.766,9.0
1552,48557,South Africa,2014,0.75,9.0
1553,48558,South Africa,2015,0.752,9.0
1554,48559,South Africa,2016,0.75,9.0
1555,48560,South Africa,2017,0.735,9.0
1556,48561,South Africa,2018,0.738,9.0
1557,48562,South Africa,2019,0.717,9.0
1558,48563,South Africa,2020,0.703,9.0
1559,48564,South Africa,2021,0.715,9.0
1560,49673,Spain,1998,0.896,10.0
1561,49674,Spain,1999,0.896,10.0
1562,49675,Spain,2000,0.897,10.0
1563,49676,Spain,2001,0.897,10.0
1564,49677,Spain,2002,0.897,10.0
1565,49678,Spain,2003,0.88,10.0
1566,49679,Spain,2004,0.878,10.0
1567,49680,Spain,2005,0.876,10.0
1568,49681,Spain,2006,0.881,10.0
1569,49682,Spain,2007,0.879,10.0
1570,49683,Spain,2008,0.889,10.0
1571,49684,Spain,2009,0.891,10.0
1572,49685,Spain,2010,0.896,10.0
1573,49686,Spain,2011,0.897,10.0
1574,49687,Spain,2012,0.892,10.0
1575,49688,Spain,2013,0.874,10.0
1576,49689,Spain,2014,0.87,10.0
1577,49690,Spain,2015,0.855,10.0
1578,49691,Spain,2016,0.852,10.0
1579,49692,Spain,2017,0.842,10.0
1580,49693,Spain,2018,0.855,10.0
1581,49694,Spain,2019,0.874,10.0
1582,49695,Spain,2020,0.887,10.0
1583,49696,Spain,2021,0.856,10.0
1584,49831,Sri Lanka,1998,0.549,9.0
1585,49832,Sri Lanka,1999,0.548,9.0
1586,49833,Sri Lanka,2000,0.518,9.0
1587,49834,Sri Lanka,2001,0.518,9.0
1588,49835,Sri Lanka,2002,0.55,9.0
1589,49836,Sri Lanka,2003,0.55,9.0
1590,49837,Sri Lanka,2004,0.535,9.0
1591,49838,Sri Lanka,2005,0.475,9.0
1592,49839,Sri Lanka,2006,0.411,9.0
1593,49840,Sri Lanka,2007,0.407,9.0
1594,49841,Sri Lanka,2008,0.399,9.0
1595,49842,Sri Lanka,2009,0.396,9.0
1596,49843,Sri Lanka,2010,0.416,9.0
1597,49844,Sri Lanka,2011,0.42,9.0
1598,49845,Sri Lanka,2012,0.42,9.0
1599,49846,Sri Lanka,2013,0.459,9.0
1600,49847,Sri Lanka,2014,0.457,9.0
1601,49848,Sri Lanka,2015,0.606,9.0
1602,49849,Sri Lanka,2016,0.62,11.0
1603,49850,Sri Lanka,2017,0.619,11.0
1604,49851,Sri Lanka,2018,0.629,11.0
1605,49852,Sri Lanka,2019,0.594,11.0
1606,49853,Sri Lanka,2020,0.613,11.0
1607,49854,Sri Lanka,2021,0.573,11.0
1608,50771,Sweden,1998,0.916,9.0
1609,50772,Sweden,1999,0.914,9.0
1610,50773,Sweden,2000,0.914,9.0
1611,50774,Sweden,2001,0.914,9.0
1612,50775,Sweden,2002,0.915,9.0
1613,50776,Sweden,2003,0.916,9.0
1614,50777,Sweden,2004,0.916,9.0
1615,50778,Sweden,2005,0.916,9.0
1616,50779,Sweden,2006,0.918,9.0
1617,50780,Sweden,2007,0.922,9.0
1618,50781,Sweden,2008,0.922,9.0
1619,50782,Sweden,2009,0.922,9.0
1620,50783,Sweden,2010,0.92,9.0
1621,50784,Sweden,2011,0.923,9.0
1622,50785,Sweden,2012,0.926,9.0
1623,50786,Sweden,2013,0.926,9.0
1624,50787,Sweden,2014,0.923,9.0
1625,50788,Sweden,2015,0.922,9.0
1626,50789,Sweden,2016,0.922,9.0
1627,50790,Sweden,2017,0.922,9.0
1628,50791,Sweden,2018,0.917,9.0
1629,50792,Sweden,2019,0.908,10.0
1630,50793,Sweden,2020,0.908,10.0
1631,50794,Sweden,2021,0.907,10.0
1632,51032,Switzerland,1998,0.888,11.0
1633,51033,Switzerland,1999,0.887,11.0
1634,51034,Switzerland,2000,0.886,11.0
1635,51035,Switzerland,2001,0.886,11.0
1636,51036,Switzerland,2002,0.886,11.0
1637,51037,Switzerland,2003,0.886,11.0
1638,51038,Switzerland,2004,0.888,11.0
1639,51039,Switzerland,2005,0.888,11.0
1640,51040,Switzerland,2006,0.888,11.0
1641,51041,Switzerland,2007,0.889,11.0
1642,51042,Switzerland,2008,0.894,11.0
1643,51043,Switzerland,2009,0.894,11.0
1644,51044,Switzerland,2010,0.894,11.0
1645,51045,Switzerland,2011,0.896,11.0
1646,51046,Switzerland,2012,0.904,11.0
1647,51047,Switzerland,2013,0.904,11.0
1648,51048,Switzerland,2014,0.904,11.0
1649,51049,Switzerland,2015,0.901,11.0
1650,51050,Switzerland,2016,0.892,11.0
1651,51051,Switzerland,2017,0.898,11.0
1652,51052,Switzerland,2018,0.898,11.0
1653,51053,Switzerland,2019,0.897,11.0
1654,51054,Switzerland,2020,0.894,11.0
1655,51055,Switzerland,2021,0.885,11.0
1656,52759,Togo,1998,0.3,10.0
1657,52760,Togo,1999,0.289,10.0
1658,52761,Togo,2000,0.294,10.0
1659,52762,Togo,2001,0.294,10.0
1660,52763,Togo,2002,0.293,10.0
1661,52764,Togo,2003,0.295,10.0
1662,52765,Togo,2004,0.294,10.0
1663,52766,Togo,2005,0.329,10.0
1664,52767,Togo,2006,0.341,10.0
1665,52768,Togo,2007,0.362,10.0
1666,52769,Togo,2008,0.464,10.0
1667,52770,Togo,2009,0.464,10.0
1668,52771,Togo,2010,0.426,10.0
1669,52772,Togo,2011,0.426,10.0
1670,52773,Togo,2012,0.424,10.0
1671,52774,Togo,2013,0.45,10.0
1672,52775,Togo,2014,0.495,10.0
1673,52776,Togo,2015,0.491,10.0
1674,52777,Togo,2016,0.485,10.0
1675,52778,Togo,2017,0.451,10.0
1676,52779,Togo,2018,0.438,10.0
1677,52780,Togo,2019,0.373,10.0
1678,52781,Togo,2020,0.409,10.0
1679,52782,Togo,2021,0.368,10.0
1680,53357,Trinidad and Tobago,1998,0.763,6.0
1681,53358,Trinidad and Tobago,1999,0.763,6.0
1682,53359,Trinidad and Tobago,2000,0.77,6.0
1683,53360,Trinidad and Tobago,2001,0.744,6.0
1684,53361,Trinidad and Tobago,2002,0.752,6.0
1685,53362,Trinidad and Tobago,2003,0.77,6.0
1686,53363,Trinidad and Tobago,2004,0.77,6.0
1687,53364,Trinidad and Tobago,2005,0.77,6.0
1688,53365,Trinidad and Tobago,2006,0.773,6.0
1689,53366,Trinidad and Tobago,2007,0.77,6.0
1690,53367,Trinidad and Tobago,2008,0.77,6.0
1691,53368,Trinidad and Tobago,2009,0.77,6.0
1692,53369,Trinidad and Tobago,2010,0.782,6.0
1693,53370,Trinidad and Tobago,2011,0.786,6.0
1694,53371,Trinidad and Tobago,2012,0.786,6.0
1695,53372,Trinidad and Tobago,2013,0.753,6.0
1696,53373,Trinidad and Tobago,2014,0.753,7.0
1697,53374,Trinidad and Tobago,2015,0.758,7.0
1698,53375,Trinidad and Tobago,2016,0.758,7.0
1699,53376,Trinidad and Tobago,2017,0.758,7.0
1700,53377,Trinidad and Tobago,2018,0.751,7.0
1701,53378,Trinidad and Tobago,2019,0.751,7.0
1702,53379,Trinidad and Tobago,2020,0.753,7.0
1703,53380,Trinidad and Tobago,2021,0.775,7.0
1704,55712,United Kingdom,1998,0.824,11.0
1705,55713,United Kingdom,1999,0.839,11.0
1706,55714,United Kingdom,2000,0.855,11.0
1707,55715,United Kingdom,2001,0.866,11.0
1708,55716,United Kingdom,2002,0.864,11.0
1709,55717,United Kingdom,2003,0.864,11.0
1710,55718,United Kingdom,2004,0.864,11.0
1711,55719,United Kingdom,2005,0.869,11.0
1712,55720,United Kingdom,2006,0.873,11.0
1713,55721,United Kingdom,2007,0.873,11.0
1714,55722,United Kingdom,2008,0.873,11.0
1715,55723,United Kingdom,2009,0.873,11.0
1716,55724,United Kingdom,2010,0.87,11.0
1717,55725,United Kingdom,2011,0.87,11.0
1718,55726,United Kingdom,2012,0.874,11.0
1719,55727,United Kingdom,2013,0.868,11.0
1720,55728,United Kingdom,2014,0.867,11.0
1721,55729,United Kingdom,2015,0.86,11.0
1722,55730,United Kingdom,2016,0.857,11.0
1723,55731,United Kingdom,2017,0.868,11.0
1724,55732,United Kingdom,2018,0.872,11.0
1725,55733,United Kingdom,2019,0.87,11.0
1726,55734,United Kingdom,2020,0.873,11.0
1727,55735,United Kingdom,2021,0.863,11.0
1728,55982,United States,1998,0.873,12.0
1729,55983,United States,1999,0.874,12.0
1730,55984,United States,2000,0.868,12.0
1731,55985,United States,2001,0.829,12.0
1732,55986,United States,2002,0.832,12.0
1733,55987,United States,2003,0.866,12.0
1734,55988,United States,2004,0.869,12.0
1735,55989,United States,2005,0.867,12.0
1736,55990,United States,2006,0.872,12.0
1737,55991,United States,2007,0.898,12.0
1738,55992,United States,2008,0.9,12.0
1739,55993,United States,2009,0.907,12.0
1740,55994,United States,2010,0.907,12.0
1741,55995,United States,2011,0.905,12.0
1742,55996,United States,2012,0.902,12.0
1743,55997,United States,2013,0.906,12.0
1744,55998,United States,2014,0.906,12.0
1745,55999,United States,2015,0.905,12.0
1746,56000,United States,2016,0.891,12.0
1747,56001,United States,2017,0.834,12.0
1748,56002,United States,2018,0.829,12.0
1749,56003,United States,2019,0.808,12.0
1750,56004,United States,2020,0.807,12.0
1751,56005,United States,2021,0.821,12.0
1752,56587,Uruguay,1998,0.876,9.0
1753,56588,Uruguay,1999,0.875,9.0
1754,56589,Uruguay,2000,0.874,9.0
1755,56590,Uruguay,2001,0.874,9.0
1756,56591,Uruguay,2002,0.874,9.0
1757,56592,Uruguay,2003,0.874,9.0
1758,56593,Uruguay,2004,0.875,9.0
1759,56594,Uruguay,2005,0.888,9.0
1760,56595,Uruguay,2006,0.891,9.0
1761,56596,Uruguay,2007,0.891,9.0
1762,56597,Uruguay,2008,0.891,14.0
1763,56598,Uruguay,2009,0.893,14.0
1764,56599,Uruguay,2010,0.91,14.0
1765,56600,Uruguay,2011,0.91,14.0
1766,56601,Uruguay,2012,0.91,14.0
1767,56602,Uruguay,2013,0.908,14.0
1768,56603,Uruguay,2014,0.907,14.0
1769,56604,Uruguay,2015,0.896,14.0
1770,56605,Uruguay,2016,0.896,14.0
1771,56606,Uruguay,2017,0.886,14.0
1772,56607,Uruguay,2018,0.893,14.0
1773,56608,Uruguay,2019,0.89,14.0
1774,56609,Uruguay,2020,0.864,14.0
1775,56610,Uruguay,2021,0.841,14.0
1776,58898,Zambia,1998,0.49,7.0
1777,58899,Zambia,1999,0.49,7.0
1778,58900,Zambia,2000,0.5,7.0
1779,58901,Zambia,2001,0.5,7.0
1780,58902,Zambia,2002,0.504,7.0
1781,58903,Zambia,2003,0.504,7.0
1782,58904,Zambia,2004,0.504,7.0
1783,58905,Zambia,2005,0.516,7.0
1784,58906,Zambia,2006,0.52,7.0
1785,58907,Zambia,2007,0.514,7.0
1786,58908,Zambia,2008,0.516,7.0
1787,58909,Zambia,2009,0.542,7.0
1788,58910,Zambia,2010,0.527,7.0
1789,58911,Zambia,2011,0.521,7.0
1790,58912,Zambia,2012,0.527,7.0
1791,58913,Zambia,2013,0.496,7.0
1792,58914,Zambia,2014,0.494,7.0
1793,58915,Zambia,2015,0.457,7.0
1794,58916,Zambia,2016,0.398,7.0
1795,58917,Zambia,2017,0.341,7.0
1796,58918,Zambia,2018,0.35,7.0
1797,58919,Zambia,2019,0.338,7.0
1798,58920,Zambia,2020,0.334,7.0
1799,58921,Zambia,2021,0.379,7.0
1800,59290,Zimbabwe,1998,0.305,7.0
1801,59291,Zimbabwe,1999,0.307,7.0
1802,59292,Zimbabwe,2000,0.291,7.0
1803,59293,Zimbabwe,2001,0.267,7.0
1804,59294,Zimbabwe,2002,0.265,7.0
1805,59295,Zimbabwe,2003,0.265,7.0
1806,59296,Zimbabwe,2004,0.256,7.0
1807,59297,Zimbabwe,2005,0.255,7.0
1808,59298,Zimbabwe,2006,0.255,7.0
1809,59299,Zimbabwe,2007,0.255,7.0
1810,59300,Zimbabwe,2008,0.25,7.0
1811,59301,Zimbabwe,2009,0.25,7.0
1812,59302,Zimbabwe,2010,0.266,7.0
1813,59303,Zimbabwe,2011,0.267,7.0
1814,59304,Zimbabwe,2012,0.267,7.0
1815,59305,Zimbabwe,2013,0.291,7.0
1816,59306,Zimbabwe,2014,0.299,7.0
1817,59307,Zimbabwe,2015,0.299,7.0
1818,59308,Zimbabwe,2016,0.292,7.0
1819,59309,Zimbabwe,2017,0.298,7.0
1820,59310,Zimbabwe,2018,0.306,7.0
1821,59311,Zimbabwe,2019,0.288,7.0
1822,59312,Zimbabwe,2020,0.285,7.0
1823,59313,Zimbabwe,2021,0.281,7.0
