,Date,company,closeprice
0,2018-01-04,BB,13.36999989
1,2018-01-05,BB,13.82999992
2,2018-01-08,BB,14.11999989
3,2018-01-09,BB,14.39999962
4,2018-01-10,BB,13.67000008
5,2018-01-11,BB,13.44999981
6,2018-01-12,BB,13.64999962
7,2018-01-16,BB,13.81000042
8,2018-01-17,BB,13.67000008
9,2018-01-18,BB,13.25
10,2018-01-19,BB,13.31000042
11,2018-01-22,BB,13.27999973
12,2018-01-23,BB,13.52999973
13,2018-01-24,BB,13.25
14,2018-01-25,BB,13.05000019
15,2018-01-26,BB,13.43000031
16,2018-01-29,BB,13.0
17,2018-01-30,BB,12.57999992
18,2018-01-31,BB,12.65999985
19,2018-02-01,BB,12.89999962
20,2018-02-02,BB,12.40999985
21,2018-02-05,BB,11.85999966
22,2018-02-06,BB,12.0
23,2018-02-07,BB,11.75
24,2018-02-08,BB,11.40999985
25,2018-02-09,BB,11.60999966
26,2018-02-12,BB,11.72999954
27,2018-02-13,BB,11.77000046
28,2018-02-14,BB,12.10000038
29,2018-02-15,BB,12.11999989
30,2018-02-16,BB,12.06000042
31,2018-02-20,BB,12.10999966
32,2018-02-21,BB,12.19999981
33,2018-02-22,BB,11.90999985
34,2018-02-23,BB,12.55000019
35,2018-02-26,BB,12.57999992
36,2018-02-27,BB,12.35000038
37,2018-02-28,BB,12.14000034
38,2018-03-01,BB,12.10999966
39,2018-03-02,BB,12.35999966
40,2018-03-05,BB,12.39000034
41,2018-03-06,BB,12.43999958
42,2018-03-07,BB,12.5
43,2018-03-08,BB,12.89000034
44,2018-03-09,BB,12.86999989
45,2018-03-12,BB,12.81999969
46,2018-03-13,BB,12.60999966
47,2018-03-14,BB,12.80000019
48,2018-03-15,BB,13.25
49,2018-03-16,BB,12.94999981
50,2018-03-19,BB,12.72000027
51,2018-03-20,BB,13.07999992
52,2018-03-21,BB,13.15999985
53,2018-03-22,BB,12.81999969
54,2018-03-23,BB,12.43999958
55,2018-03-26,BB,13.09000015
56,2018-03-27,BB,12.39999962
57,2018-03-28,BB,12.19999981
58,2018-03-29,BB,11.5
59,2018-04-02,BB,10.72000027
60,2018-04-03,BB,10.43999958
61,2018-04-04,BB,10.52999973
62,2018-04-05,BB,10.47000027
63,2018-04-06,BB,10.18999958
64,2018-04-09,BB,10.18000031
65,2018-04-10,BB,10.63000011
66,2018-04-11,BB,10.35000038
67,2018-04-12,BB,10.53999996
68,2018-04-13,BB,10.5
69,2018-04-16,BB,10.51000023
70,2018-04-17,BB,10.77000046
71,2018-04-18,BB,10.78999996
72,2018-04-19,BB,10.60000038
73,2018-04-20,BB,10.63000011
74,2018-04-23,BB,10.64000034
75,2018-04-24,BB,10.39999962
76,2018-04-25,BB,10.36999989
77,2018-04-26,BB,10.55000019
78,2018-04-27,BB,10.44999981
79,2018-04-30,BB,10.47000027
80,2018-05-01,BB,10.52999973
81,2018-05-02,BB,10.85000038
82,2018-05-03,BB,10.71000004
83,2018-05-04,BB,10.84000015
84,2018-05-07,BB,10.98999977
85,2018-05-08,BB,11.11999989
86,2018-05-09,BB,11.57999992
87,2018-05-10,BB,11.88000011
88,2018-05-11,BB,11.60000038
89,2018-05-14,BB,11.61999989
90,2018-05-15,BB,11.69999981
91,2018-05-16,BB,11.60999966
92,2018-05-17,BB,11.57999992
93,2018-05-18,BB,11.53999996
94,2018-05-21,BB,11.52000046
95,2018-05-22,BB,11.59000015
96,2018-05-23,BB,11.60000038
97,2018-05-24,BB,11.56999969
98,2018-05-25,BB,11.75
99,2018-05-29,BB,11.72999954
100,2018-05-30,BB,11.89999962
101,2018-05-31,BB,11.82999992
102,2018-06-01,BB,11.64000034
103,2018-06-04,BB,11.90999985
104,2018-06-05,BB,12.15999985
105,2018-06-06,BB,12.53999996
106,2018-06-07,BB,12.25
107,2018-06-08,BB,12.10000038
108,2018-06-11,BB,12.06999969
109,2018-06-12,BB,12.32999992
110,2018-06-13,BB,12.32999992
111,2018-06-14,BB,12.22000027
112,2018-06-15,BB,12.31000042
113,2018-06-18,BB,12.19999981
114,2018-06-19,BB,11.89000034
115,2018-06-20,BB,11.89999962
116,2018-06-21,BB,11.69999981
117,2018-06-22,BB,10.68000031
118,2018-06-25,BB,10.01000023
119,2018-06-26,BB,10.11999989
120,2018-06-27,BB,9.699999809
121,2018-06-28,BB,9.760000229
122,2018-06-29,BB,9.649999619
123,2018-07-02,BB,9.960000038
124,2018-07-03,BB,10.0
125,2018-07-05,BB,9.800000191
126,2018-07-06,BB,9.920000076
127,2018-07-09,BB,10.03999996
128,2018-07-10,BB,10.07999992
129,2018-07-11,BB,9.880000114
130,2018-07-12,BB,10.09000015
131,2018-07-13,BB,10.19999981
132,2018-07-16,BB,10.10000038
133,2018-07-17,BB,10.10999966
134,2018-07-18,BB,10.01000023
135,2018-07-19,BB,10.32999992
136,2018-07-20,BB,10.27999973
137,2018-07-23,BB,10.39000034
138,2018-07-24,BB,10.22999954
139,2018-07-25,BB,10.31999969
140,2018-07-26,BB,10.26000023
141,2018-07-27,BB,9.989999771
142,2018-07-30,BB,9.699999809
143,2018-07-31,BB,9.81000042
144,2018-08-01,BB,9.739999771
145,2018-08-02,BB,10.01000023
146,2018-08-03,BB,10.06999969
147,2018-08-06,BB,10.18999958
148,2018-08-07,BB,9.850000381
149,2018-08-08,BB,10.31999969
150,2018-08-09,BB,10.46000004
151,2018-08-10,BB,10.30000019
152,2018-08-13,BB,10.28999996
153,2018-08-14,BB,10.22000027
154,2018-08-15,BB,9.949999809
155,2018-08-16,BB,10.07999992
156,2018-08-17,BB,10.06999969
157,2018-08-20,BB,10.14000034
158,2018-08-21,BB,10.11999989
159,2018-08-22,BB,10.17000008
160,2018-08-23,BB,10.26000023
161,2018-08-24,BB,10.60000038
162,2018-08-27,BB,10.77999973
163,2018-08-28,BB,10.93999958
164,2018-08-29,BB,10.81999969
165,2018-08-30,BB,10.60000038
166,2018-08-31,BB,10.67000008
167,2018-09-04,BB,10.64000034
168,2018-09-05,BB,9.970000267
169,2018-09-06,BB,9.850000381
170,2018-09-07,BB,10.02000046
171,2018-09-10,BB,9.970000267
172,2018-09-11,BB,10.30000019
173,2018-09-12,BB,10.27999973
174,2018-09-13,BB,10.26000023
175,2018-09-14,BB,10.30000019
176,2018-09-17,BB,10.10999966
177,2018-09-18,BB,10.26000023
178,2018-09-19,BB,10.21000004
179,2018-09-20,BB,10.34000015
180,2018-09-21,BB,10.40999985
181,2018-09-24,BB,10.42000008
182,2018-09-25,BB,10.39999962
183,2018-09-26,BB,10.31999969
184,2018-09-27,BB,10.18999958
185,2018-09-28,BB,11.38000011
186,2018-10-01,BB,10.82999992
187,2018-10-02,BB,10.35999966
188,2018-10-03,BB,10.56000042
189,2018-10-04,BB,10.26000023
190,2018-10-05,BB,10.02000046
191,2018-10-08,BB,9.93999958
192,2018-10-09,BB,9.760000229
193,2018-10-10,BB,9.25
194,2018-10-11,BB,9.510000229
195,2018-10-12,BB,9.600000381
196,2018-10-15,BB,9.470000267
197,2018-10-16,BB,9.770000458
198,2018-10-17,BB,9.739999771
199,2018-10-18,BB,9.609999657
200,2018-10-19,BB,9.319999695
201,2018-10-22,BB,9.470000267
202,2018-10-23,BB,9.359999657
203,2018-10-24,BB,8.829999924
204,2018-10-25,BB,9.140000343
205,2018-10-26,BB,8.960000038
206,2018-10-29,BB,8.81000042
207,2018-10-30,BB,9.020000458
208,2018-10-31,BB,9.25
209,2018-11-01,BB,9.529999733
210,2018-11-02,BB,9.369999886
211,2018-11-05,BB,9.340000153
212,2018-11-06,BB,9.43999958
213,2018-11-07,BB,9.630000114
214,2018-11-08,BB,9.569999695
215,2018-11-09,BB,9.300000191
216,2018-11-12,BB,8.960000038
217,2018-11-13,BB,8.960000038
218,2018-11-14,BB,8.840000153
219,2018-11-15,BB,8.859999657
220,2018-11-16,BB,8.970000267
221,2018-11-19,BB,8.590000153
222,2018-11-20,BB,8.659999847
223,2018-11-21,BB,8.779999733
224,2018-11-23,BB,8.670000076
225,2018-11-26,BB,8.93999958
226,2018-11-27,BB,8.859999657
227,2018-11-28,BB,8.909999847
228,2018-11-29,BB,8.800000191
229,2018-11-30,BB,8.789999962
230,2018-12-03,BB,8.840000153
231,2018-12-04,BB,8.409999847
232,2018-12-06,BB,8.260000229
233,2018-12-07,BB,8.0
234,2018-12-10,BB,7.900000095
235,2018-12-11,BB,7.860000134
236,2018-12-12,BB,7.96999979
237,2018-12-13,BB,7.710000038
238,2018-12-14,BB,7.599999905
239,2018-12-17,BB,7.440000057
240,2018-12-18,BB,7.46999979
241,2018-12-19,BB,7.349999905
242,2018-12-20,BB,7.550000191
243,2018-12-21,BB,6.909999847
244,2018-12-24,BB,6.769999981
245,2018-12-26,BB,7.0
246,2018-12-27,BB,7.050000191
247,2018-12-28,BB,7.159999847
248,2018-12-31,BB,7.110000134
249,2019-01-02,BB,7.110000134
250,2019-01-03,BB,6.880000114
251,2019-01-04,BB,7.230000019
252,2019-01-07,BB,7.429999828
253,2019-01-08,BB,7.409999847
254,2019-01-09,BB,7.46999979
255,2019-01-10,BB,7.519999981
256,2019-01-11,BB,7.570000172
257,2019-01-14,BB,7.489999771
258,2019-01-15,BB,7.53000021
259,2019-01-16,BB,7.659999847
260,2019-01-17,BB,7.690000057
261,2019-01-18,BB,7.860000134
262,2019-01-22,BB,7.599999905
263,2019-01-23,BB,7.71999979
264,2019-01-24,BB,7.769999981
265,2019-01-25,BB,8.100000381
266,2019-01-28,BB,8.010000229
267,2019-01-29,BB,7.960000038
268,2019-01-30,BB,8.130000114
269,2019-01-31,BB,8.069999695
270,2019-02-01,BB,8.109999657
271,2019-02-04,BB,8.220000267
272,2019-02-05,BB,8.340000153
273,2019-02-06,BB,8.31000042
274,2019-02-07,BB,8.100000381
275,2019-02-08,BB,8.109999657
276,2019-02-11,BB,8.260000229
277,2019-02-12,BB,8.420000076
278,2019-02-13,BB,8.489999771
279,2019-02-14,BB,8.489999771
280,2019-02-15,BB,8.699999809
281,2019-02-19,BB,8.739999771
282,2019-02-20,BB,8.520000458
283,2019-02-21,BB,8.369999886
284,2019-02-22,BB,8.630000114
285,2019-02-25,BB,8.75
286,2019-02-26,BB,8.670000076
287,2019-02-27,BB,8.680000305
288,2019-02-28,BB,8.699999809
289,2019-03-01,BB,8.789999962
290,2019-03-04,BB,8.739999771
291,2019-03-05,BB,8.710000038
292,2019-03-06,BB,9.079999924
293,2019-03-07,BB,9.020000458
294,2019-03-08,BB,9.180000305
295,2019-03-11,BB,9.260000229
296,2019-03-12,BB,9.430000305
297,2019-03-13,BB,9.43999958
298,2019-03-14,BB,9.359999657
299,2019-03-15,BB,9.420000076
300,2019-03-18,BB,9.399999619
301,2019-03-19,BB,9.359999657
302,2019-03-20,BB,9.369999886
303,2019-03-21,BB,9.359999657
304,2019-03-22,BB,9.020000458
305,2019-03-25,BB,8.829999924
306,2019-03-26,BB,8.819999695
307,2019-03-27,BB,8.760000229
308,2019-03-28,BB,8.880000114
309,2019-03-29,BB,10.09000015
310,2019-04-01,BB,9.619999886
311,2019-04-02,BB,9.600000381
312,2019-04-03,BB,9.579999924
313,2019-04-04,BB,9.31000042
314,2019-04-05,BB,9.319999695
315,2019-04-08,BB,9.359999657
316,2019-04-09,BB,9.31000042
317,2019-04-10,BB,9.300000191
318,2019-04-11,BB,9.369999886
319,2019-04-12,BB,9.270000458
320,2019-04-15,BB,9.199999809
321,2019-04-16,BB,9.300000191
322,2019-04-17,BB,9.210000038
323,2019-04-18,BB,9.210000038
324,2019-04-22,BB,9.260000229
325,2019-04-23,BB,9.199999809
326,2019-04-24,BB,8.909999847
327,2019-04-25,BB,9.050000191
328,2019-04-26,BB,9.18999958
329,2019-04-29,BB,9.289999962
330,2019-04-30,BB,9.180000305
331,2019-05-01,BB,9.069999695
332,2019-05-02,BB,9.220000267
333,2019-05-03,BB,9.390000343
334,2019-05-06,BB,9.159999847
335,2019-05-07,BB,8.989999771
336,2019-05-08,BB,8.930000305
337,2019-05-09,BB,8.840000153
338,2019-05-10,BB,8.829999924
339,2019-05-13,BB,8.359999657
340,2019-05-14,BB,8.470000267
341,2019-05-15,BB,8.569999695
342,2019-05-16,BB,8.630000114
343,2019-05-17,BB,8.449999809
344,2019-05-20,BB,8.18999958
345,2019-05-21,BB,8.25
346,2019-05-22,BB,8.31000042
347,2019-05-23,BB,8.039999962
348,2019-05-24,BB,8.069999695
349,2019-05-28,BB,8.050000191
350,2019-05-29,BB,7.900000095
351,2019-05-30,BB,7.920000076
352,2019-05-31,BB,7.849999905
353,2019-06-03,BB,7.809999943
354,2019-06-04,BB,8.039999962
355,2019-06-05,BB,7.900000095
356,2019-06-06,BB,7.840000153
357,2019-06-07,BB,7.940000057
358,2019-06-10,BB,7.920000076
359,2019-06-11,BB,8.260000229
360,2019-06-12,BB,8.729999542
361,2019-06-13,BB,8.680000305
362,2019-06-14,BB,8.550000191
363,2019-06-17,BB,8.609999657
364,2019-06-18,BB,8.720000267
365,2019-06-19,BB,8.960000038
366,2019-06-20,BB,8.640000343
367,2019-06-21,BB,8.479999542
368,2019-06-24,BB,8.470000267
369,2019-06-25,BB,8.289999962
370,2019-06-26,BB,7.559999943
371,2019-06-27,BB,7.380000114
372,2019-06-28,BB,7.460000038
373,2019-07-01,BB,7.480000019
374,2019-07-02,BB,7.449999809
375,2019-07-03,BB,7.53000021
376,2019-07-05,BB,7.409999847
377,2019-07-08,BB,7.130000114
378,2019-07-09,BB,7.25
379,2019-07-10,BB,7.070000172
380,2019-07-11,BB,7.099999905
381,2019-07-12,BB,7.199999809
382,2019-07-15,BB,7.190000057
383,2019-07-16,BB,7.139999866
384,2019-07-17,BB,7.099999905
385,2019-07-18,BB,7.03000021
386,2019-07-19,BB,7.079999924
387,2019-07-22,BB,7.119999886
388,2019-07-23,BB,7.230000019
389,2019-07-24,BB,7.300000191
390,2019-07-25,BB,7.21999979
391,2019-07-26,BB,7.369999886
392,2019-07-29,BB,7.340000153
393,2019-07-30,BB,7.429999828
394,2019-07-31,BB,7.300000191
395,2019-08-01,BB,7.269999981
396,2019-08-02,BB,7.139999866
397,2019-08-05,BB,6.849999905
398,2019-08-06,BB,6.78000021
399,2019-08-07,BB,6.829999924
400,2019-08-08,BB,7.059999943
401,2019-08-09,BB,6.960000038
402,2019-08-12,BB,6.840000153
403,2019-08-13,BB,7.0
404,2019-08-14,BB,6.75
405,2019-08-15,BB,6.679999828
406,2019-08-16,BB,6.849999905
407,2019-08-19,BB,6.960000038
408,2019-08-20,BB,6.889999866
409,2019-08-21,BB,7.090000153
410,2019-08-22,BB,7.039999962
411,2019-08-23,BB,6.980000019
412,2019-08-26,BB,6.860000134
413,2019-08-27,BB,6.730000019
414,2019-08-28,BB,6.809999943
415,2019-08-29,BB,6.960000038
416,2019-08-30,BB,6.869999886
417,2019-09-03,BB,6.760000229
418,2019-09-04,BB,6.909999847
419,2019-09-05,BB,7.28000021
420,2019-09-06,BB,7.190000057
421,2019-09-09,BB,6.980000019
422,2019-09-10,BB,7.150000095
423,2019-09-11,BB,7.510000229
424,2019-09-12,BB,7.409999847
425,2019-09-13,BB,7.46999979
426,2019-09-16,BB,7.590000153
427,2019-09-17,BB,7.599999905
428,2019-09-18,BB,7.519999981
429,2019-09-19,BB,7.570000172
430,2019-09-20,BB,7.539999962
431,2019-09-23,BB,7.510000229
432,2019-09-24,BB,5.809999943
433,2019-09-25,BB,5.570000172
434,2019-09-26,BB,5.449999809
435,2019-09-27,BB,5.260000229
436,2019-09-30,BB,5.25
437,2019-10-01,BB,5.150000095
438,2019-10-02,BB,5.019999981
439,2019-10-03,BB,5.099999905
440,2019-10-04,BB,5.159999847
441,2019-10-07,BB,5.099999905
442,2019-10-08,BB,4.889999866
443,2019-10-09,BB,4.96999979
444,2019-10-10,BB,5.059999943
445,2019-10-11,BB,5.320000172
446,2019-10-14,BB,5.21999979
447,2019-10-15,BB,5.239999771
448,2019-10-16,BB,5.110000134
449,2019-10-17,BB,5.210000038
450,2019-10-18,BB,5.079999924
451,2019-10-21,BB,5.210000038
452,2019-10-22,BB,5.150000095
453,2019-10-23,BB,5.210000038
454,2019-10-24,BB,5.170000076
455,2019-10-25,BB,5.21999979
456,2019-10-28,BB,5.289999962
457,2019-10-29,BB,5.269999981
458,2019-10-30,BB,5.289999962
459,2019-10-31,BB,5.260000229
460,2019-11-01,BB,5.489999771
461,2019-11-04,BB,5.610000134
462,2019-11-05,BB,5.53000021
463,2019-11-06,BB,5.550000191
464,2019-11-07,BB,5.53000021
465,2019-11-08,BB,5.539999962
466,2019-11-11,BB,5.559999943
467,2019-11-12,BB,5.630000114
468,2019-11-13,BB,5.519999981
469,2019-11-14,BB,5.380000114
470,2019-11-15,BB,5.480000019
471,2019-11-18,BB,5.289999962
472,2019-11-19,BB,5.349999905
473,2019-11-20,BB,5.260000229
474,2019-11-21,BB,5.340000153
475,2019-11-22,BB,5.599999905
476,2019-11-25,BB,5.480000019
477,2019-11-26,BB,5.539999962
478,2019-11-27,BB,5.599999905
479,2019-11-29,BB,5.570000172
480,2019-12-02,BB,5.5
481,2019-12-03,BB,5.380000114
482,2019-12-04,BB,5.420000076
483,2019-12-05,BB,5.369999886
484,2019-12-06,BB,5.409999847
485,2019-12-09,BB,5.440000057
486,2019-12-10,BB,5.380000114
487,2019-12-11,BB,5.539999962
488,2019-12-12,BB,5.670000076
489,2019-12-13,BB,5.659999847
490,2019-12-16,BB,5.71999979
491,2019-12-17,BB,5.710000038
492,2019-12-18,BB,5.650000095
493,2019-12-19,BB,5.809999943
494,2019-12-20,BB,6.53000021
495,2019-12-23,BB,6.46999979
496,2019-12-24,BB,6.360000134
497,2019-12-26,BB,6.429999828
498,2019-12-27,BB,6.449999809
499,2019-12-30,BB,6.420000076
500,2019-12-31,BB,6.420000076
501,2020-01-02,BB,6.519999981
502,2020-01-03,BB,6.460000038
503,2020-01-06,BB,6.679999828
504,2020-01-07,BB,6.659999847
505,2020-01-08,BB,6.659999847
506,2020-01-09,BB,6.639999866
507,2020-01-10,BB,6.559999943
508,2020-01-13,BB,6.670000076
509,2020-01-14,BB,6.639999866
510,2020-01-15,BB,6.730000019
511,2020-01-16,BB,6.820000172
512,2020-01-17,BB,6.730000019
513,2020-01-21,BB,6.579999924
514,2020-01-22,BB,6.630000114
515,2020-01-23,BB,6.659999847
516,2020-01-24,BB,6.590000153
517,2020-01-27,BB,6.260000229
518,2020-01-28,BB,6.409999847
519,2020-01-29,BB,6.340000153
520,2020-01-30,BB,6.239999771
521,2020-01-31,BB,6.099999905
522,2020-02-03,BB,6.210000038
523,2020-02-04,BB,6.150000095
524,2020-02-05,BB,6.199999809
525,2020-02-06,BB,6.130000114
526,2020-02-07,BB,6.019999981
527,2020-02-10,BB,6.050000191
528,2020-02-11,BB,6.190000057
529,2020-02-12,BB,6.070000172
530,2020-02-13,BB,6.0
531,2020-02-14,BB,5.829999924
532,2020-02-18,BB,6.090000153
533,2020-02-19,BB,6.150000095
534,2020-02-20,BB,6.159999847
535,2020-02-21,BB,6.010000229
536,2020-02-24,BB,5.760000229
537,2020-02-25,BB,5.5
538,2020-02-26,BB,5.46999979
539,2020-02-27,BB,5.139999866
540,2020-02-28,BB,5.170000076
541,2020-03-02,BB,5.079999924
542,2020-03-03,BB,4.929999828
543,2020-03-04,BB,4.920000076
544,2020-03-05,BB,4.670000076
545,2020-03-06,BB,4.440000057
546,2020-03-09,BB,3.849999905
547,2020-03-10,BB,4.199999809
548,2020-03-11,BB,4.159999847
549,2020-03-12,BB,3.700000048
550,2020-03-13,BB,4.380000114
551,2020-03-16,BB,3.390000105
552,2020-03-17,BB,2.900000095
553,2020-03-18,BB,3.180000067
554,2020-03-19,BB,3.25999999
555,2020-03-20,BB,3.380000114
556,2020-03-23,BB,3.440000057
557,2020-03-24,BB,3.619999886
558,2020-03-25,BB,3.75999999
559,2020-03-26,BB,3.930000067
560,2020-03-27,BB,3.809999943
561,2020-03-30,BB,3.910000086
562,2020-03-31,BB,4.130000114
563,2020-04-01,BB,3.359999895
564,2020-04-02,BB,3.230000019
565,2020-04-03,BB,3.220000029
566,2020-04-06,BB,3.480000019
567,2020-04-07,BB,3.609999895
568,2020-04-08,BB,3.839999914
569,2020-04-09,BB,3.75999999
570,2020-04-13,BB,3.859999895
571,2020-04-14,BB,4.0
572,2020-04-15,BB,3.700000048
573,2020-04-16,BB,4.010000229
574,2020-04-17,BB,4.269999981
575,2020-04-20,BB,4.090000153
576,2020-04-21,BB,3.920000076
577,2020-04-22,BB,3.900000095
578,2020-04-23,BB,4.010000229
579,2020-04-24,BB,4.039999962
580,2020-04-27,BB,4.260000229
581,2020-04-28,BB,4.210000038
582,2020-04-29,BB,4.369999886
583,2020-04-30,BB,4.28000021
584,2020-05-01,BB,4.070000172
585,2020-05-04,BB,4.260000229
586,2020-05-05,BB,4.269999981
587,2020-05-06,BB,4.489999771
588,2020-05-07,BB,4.599999905
589,2020-05-08,BB,4.710000038
590,2020-05-11,BB,4.579999924
591,2020-05-12,BB,4.5
592,2020-05-13,BB,4.460000038
593,2020-05-14,BB,4.460000038
594,2020-05-15,BB,4.420000076
595,2020-05-18,BB,4.489999771
596,2020-05-19,BB,4.489999771
597,2020-05-20,BB,4.650000095
598,2020-05-21,BB,4.539999962
599,2020-05-22,BB,4.539999962
600,2020-05-26,BB,4.639999866
601,2020-05-27,BB,4.659999847
602,2020-05-28,BB,4.579999924
603,2020-05-29,BB,4.639999866
604,2020-06-01,BB,4.920000076
605,2020-06-02,BB,5.360000134
606,2020-06-03,BB,5.210000038
607,2020-06-04,BB,5.230000019
608,2020-06-05,BB,5.46999979
609,2020-06-08,BB,5.789999962
610,2020-06-09,BB,5.610000134
611,2020-06-10,BB,5.570000172
612,2020-06-11,BB,5.03000021
613,2020-06-12,BB,5.25
614,2020-06-15,BB,4.989999771
615,2020-06-16,BB,5.21999979
616,2020-06-17,BB,5.099999905
617,2020-06-18,BB,5.079999924
618,2020-06-19,BB,5.059999943
619,2020-06-22,BB,5.119999886
620,2020-06-23,BB,5.099999905
621,2020-06-24,BB,4.920000076
622,2020-06-25,BB,4.849999905
623,2020-06-26,BB,4.71999979
624,2020-06-29,BB,4.800000191
625,2020-06-30,BB,4.889999866
626,2020-07-01,BB,4.78000021
627,2020-07-02,BB,4.849999905
628,2020-07-06,BB,5.019999981
629,2020-07-07,BB,4.800000191
630,2020-07-08,BB,4.840000153
631,2020-07-09,BB,4.809999943
632,2020-07-10,BB,4.730000019
633,2020-07-13,BB,4.579999924
634,2020-07-14,BB,4.579999924
635,2020-07-15,BB,4.710000038
636,2020-07-16,BB,4.650000095
637,2020-07-17,BB,4.800000191
638,2020-07-20,BB,4.989999771
639,2020-07-21,BB,4.849999905
640,2020-07-22,BB,4.789999962
641,2020-07-23,BB,4.739999771
642,2020-07-24,BB,4.650000095
643,2020-07-27,BB,4.690000057
644,2020-07-28,BB,4.659999847
645,2020-07-29,BB,4.869999886
646,2020-07-30,BB,4.739999771
647,2020-07-31,BB,4.739999771
648,2020-08-03,BB,4.739999771
649,2020-08-04,BB,4.75
650,2020-08-05,BB,4.840000153
651,2020-08-06,BB,4.960000038
652,2020-08-07,BB,4.840000153
653,2020-08-10,BB,4.840000153
654,2020-08-11,BB,4.789999962
655,2020-08-12,BB,4.820000172
656,2020-08-13,BB,4.889999866
657,2020-08-14,BB,4.800000191
658,2020-08-17,BB,4.809999943
659,2020-08-18,BB,4.789999962
660,2020-08-19,BB,4.78000021
661,2020-08-20,BB,4.829999924
662,2020-08-21,BB,4.75
663,2020-08-24,BB,4.789999962
664,2020-08-25,BB,4.78000021
665,2020-08-26,BB,5.079999924
666,2020-08-27,BB,5.03000021
667,2020-08-28,BB,5.230000019
668,2020-08-31,BB,5.21999979
669,2020-09-01,BB,5.579999924
670,2020-09-02,BB,5.519999981
671,2020-09-03,BB,5.179999828
672,2020-09-04,BB,5.110000134
673,2020-09-08,BB,4.929999828
674,2020-09-09,BB,4.920000076
675,2020-09-10,BB,4.800000191
676,2020-09-11,BB,4.75
677,2020-09-14,BB,4.820000172
678,2020-09-15,BB,4.809999943
679,2020-09-16,BB,4.730000019
680,2020-09-17,BB,4.730000019
681,2020-09-18,BB,4.860000134
682,2020-09-21,BB,4.760000229
683,2020-09-22,BB,4.940000057
684,2020-09-23,BB,4.800000191
685,2020-09-24,BB,4.75
686,2020-09-25,BB,4.769999981
687,2020-09-28,BB,4.610000134
688,2020-09-29,BB,4.630000114
689,2020-09-30,BB,4.590000153
690,2020-10-01,BB,4.579999924
691,2020-10-02,BB,4.440000057
692,2020-10-05,BB,4.5
693,2020-10-06,BB,4.550000191
694,2020-10-07,BB,4.570000172
695,2020-10-08,BB,4.599999905
696,2020-10-09,BB,4.730000019
697,2020-10-12,BB,4.75
698,2020-10-13,BB,5.139999866
699,2020-10-14,BB,5.079999924
700,2020-10-15,BB,5.159999847
701,2020-10-16,BB,4.980000019
702,2020-10-19,BB,5.190000057
703,2020-10-20,BB,5.079999924
704,2020-10-21,BB,5.099999905
705,2020-10-22,BB,5.130000114
706,2020-10-23,BB,5.119999886
707,2020-10-26,BB,4.880000114
708,2020-10-27,BB,4.849999905
709,2020-10-28,BB,4.570000172
710,2020-10-29,BB,4.610000134
711,2020-10-30,BB,4.489999771
712,2020-11-02,BB,4.480000019
713,2020-11-03,BB,4.670000076
714,2020-11-04,BB,4.679999828
715,2020-11-05,BB,4.860000134
716,2020-11-06,BB,4.829999924
717,2020-11-09,BB,4.929999828
718,2020-11-10,BB,5.019999981
719,2020-11-11,BB,5.190000057
720,2020-11-12,BB,4.989999771
721,2020-11-13,BB,5.110000134
722,2020-11-16,BB,5.190000057
723,2020-11-17,BB,5.289999962
724,2020-11-18,BB,5.440000057
725,2020-11-19,BB,5.360000134
726,2020-11-20,BB,5.760000229
727,2020-11-23,BB,5.659999847
728,2020-11-24,BB,5.699999809
729,2020-11-25,BB,5.909999847
730,2020-11-27,BB,6.150000095
731,2020-11-30,BB,5.869999886
732,2020-12-01,BB,7.0
733,2020-12-02,BB,7.449999809
734,2020-12-03,BB,7.460000038
735,2020-12-04,BB,8.520000458
736,2020-12-07,BB,8.25
737,2020-12-08,BB,8.520000458
738,2020-12-09,BB,8.31000042
739,2020-12-10,BB,8.369999886
740,2020-12-11,BB,8.159999847
741,2020-12-14,BB,8.25
742,2020-12-15,BB,8.300000191
743,2020-12-16,BB,8.239999771
744,2020-12-17,BB,8.260000229
745,2020-12-18,BB,6.949999809
746,2020-12-21,BB,7.110000134
747,2020-12-22,BB,7.190000057
748,2020-12-23,BB,7.090000153
749,2020-12-24,BB,7.059999943
750,2020-12-28,BB,6.880000114
751,2020-12-29,BB,6.769999981
752,2020-12-30,BB,6.670000076
753,2020-12-31,BB,6.630000114
754,2021-01-04,BB,6.579999924
755,2021-01-05,BB,6.769999981
756,2021-01-06,BB,6.710000038
757,2021-01-07,BB,7.059999943
758,2021-01-08,BB,7.559999943
759,2021-01-11,BB,7.650000095
760,2021-01-12,BB,7.630000114
761,2021-01-13,BB,7.440000057
762,2021-01-14,BB,9.109999657
763,2021-01-15,BB,9.840000153
764,2021-01-19,BB,12.35000038
765,2021-01-20,BB,12.78999996
766,2021-01-21,BB,12.85000038
767,2021-01-22,BB,14.03999996
768,2021-01-25,BB,18.03000069
769,2021-01-26,BB,18.92000008
770,2021-01-27,BB,25.10000038
771,2021-01-28,BB,14.64999962
772,2021-01-29,BB,14.10000038
773,2021-02-01,BB,14.63000011
774,2021-02-02,BB,11.55000019
775,2021-02-03,BB,12.0
776,2021-02-04,BB,12.14999962
777,2021-02-05,BB,13.22999954
778,2021-02-08,BB,13.76000023
779,2021-02-09,BB,13.43000031
780,2021-02-10,BB,13.10000038
781,2021-02-11,BB,12.46000004
782,2021-02-12,BB,13.03999996
783,2021-02-16,BB,12.21000004
784,2021-02-17,BB,11.31999969
785,2021-02-18,BB,10.93999958
786,2021-02-19,BB,10.89999962
787,2021-02-22,BB,10.68000031
788,2021-02-23,BB,10.39999962
789,2021-02-24,BB,11.31999969
790,2021-02-25,BB,10.57999992
791,2021-02-26,BB,10.05000019
792,2021-03-01,BB,10.90999985
793,2021-03-02,BB,10.5
794,2021-03-03,BB,10.14999962
795,2021-03-04,BB,9.840000153
796,2021-03-05,BB,9.449999809
797,2021-03-08,BB,9.75
798,2021-03-09,BB,10.44999981
799,2021-03-10,BB,10.34000015
800,2021-03-11,BB,10.69999981
801,2021-03-12,BB,11.85000038
802,2021-03-15,BB,11.68000031
803,2021-03-16,BB,11.46000004
804,2021-03-17,BB,11.60000038
805,2021-03-18,BB,10.76000023
806,2021-03-19,BB,10.94999981
807,2021-03-22,BB,10.71000004
808,2021-03-23,BB,10.06999969
809,2021-03-24,BB,9.579999924
810,2021-03-25,BB,9.880000114
811,2021-03-26,BB,9.630000114
812,2021-03-29,BB,9.199999809
813,2021-03-30,BB,9.340000153
814,2021-03-31,BB,8.430000305
815,2021-04-01,BB,8.600000381
816,2021-04-05,BB,9.300000191
817,2021-04-06,BB,8.989999771
818,2021-04-07,BB,8.909999847
819,2021-04-08,BB,9.43999958
820,2021-04-09,BB,9.130000114
821,2021-04-12,BB,9.029999733
822,2021-04-13,BB,9.100000381
823,2021-04-14,BB,9.0
824,2021-04-15,BB,8.770000458
825,2021-04-16,BB,8.699999809
826,2021-04-19,BB,8.619999886
827,2021-04-20,BB,8.210000038
828,2021-04-21,BB,8.659999847
829,2021-04-22,BB,8.640000343
830,2021-04-23,BB,8.850000381
831,2021-04-26,BB,9.090000153
832,2021-04-27,BB,9.289999962
833,2021-04-28,BB,9.300000191
834,2021-04-29,BB,9.06000042
835,2021-04-30,BB,8.829999924
836,2021-05-03,BB,8.609999657
837,2021-05-04,BB,8.359999657
838,2021-05-05,BB,8.220000267
839,2021-05-06,BB,8.149999619
840,2021-05-07,BB,8.479999542
841,2021-05-10,BB,8.130000114
842,2021-05-11,BB,8.300000191
843,2021-05-12,BB,7.949999809
844,2021-05-13,BB,7.940000057
845,2021-05-14,BB,8.43999958
846,2021-05-17,BB,8.489999771
847,2021-05-18,BB,8.770000458
848,2021-05-19,BB,8.539999962
849,2021-05-20,BB,8.779999733
850,2021-05-21,BB,8.520000458
851,2021-05-24,BB,8.619999886
852,2021-05-25,BB,8.590000153
853,2021-05-26,BB,9.43999958
854,2021-05-27,BB,9.970000267
855,2021-05-28,BB,10.06999969
856,2021-06-01,BB,11.56000042
857,2021-06-02,BB,15.25
858,2021-06-03,BB,15.88000011
859,2021-06-04,BB,13.85999966
860,2021-06-07,BB,15.77000046
861,2021-06-08,BB,15.80000019
862,2021-06-09,BB,15.15999985
863,2021-06-10,BB,13.89000034
864,2021-06-11,BB,14.18000031
865,2021-06-14,BB,14.05000019
866,2021-06-15,BB,13.98999977
867,2021-06-16,BB,12.88000011
868,2021-06-17,BB,13.51000023
869,2021-06-18,BB,12.89999962
870,2021-06-21,BB,12.80000019
871,2021-06-22,BB,13.40999985
872,2021-06-23,BB,13.14000034
873,2021-06-24,BB,12.68000031
874,2021-06-25,BB,12.11999989
875,2021-06-28,BB,12.80000019
876,2021-06-29,BB,12.23999977
877,2021-06-30,BB,12.22000027
878,2021-07-01,BB,12.17000008
879,2021-07-02,BB,11.98999977
880,2021-07-06,BB,12.06999969
881,2021-07-07,BB,11.43999958
882,2021-07-08,BB,11.55000019
883,2021-07-09,BB,11.78999996
884,2021-07-12,BB,11.25
885,2021-07-13,BB,11.07999992
886,2021-07-14,BB,10.65999985
887,2021-07-15,BB,10.56999969
888,2021-07-16,BB,10.10999966
889,2021-07-19,BB,9.880000114
890,2021-07-20,BB,10.61999989
891,2021-07-21,BB,10.81999969
892,2021-07-22,BB,10.38000011
893,2021-07-23,BB,10.18000031
894,2021-07-26,BB,10.15999985
895,2021-07-27,BB,9.909999847
896,2021-07-28,BB,10.77000046
897,2021-07-29,BB,10.35000038
898,2021-07-30,BB,10.15999985
899,2021-08-02,BB,10.10000038
900,2021-08-03,BB,10.17000008
901,2021-08-04,BB,9.869999886
902,2021-08-05,BB,10.43000031
903,2021-08-06,BB,10.28999996
904,2021-08-09,BB,10.40999985
905,2021-08-10,BB,10.36999989
906,2021-08-11,BB,10.31999969
907,2021-08-12,BB,10.17000008
908,2021-08-13,BB,9.880000114
909,2021-08-16,BB,9.670000076
910,2021-08-17,BB,9.670000076
911,2021-08-18,BB,10.07999992
912,2021-08-19,BB,9.56000042
913,2021-08-20,BB,9.630000114
914,2021-08-23,BB,10.14000034
915,2021-08-24,BB,11.10000038
916,2021-08-25,BB,10.73999977
917,2021-08-26,BB,10.81000042
918,2021-08-27,BB,11.30000019
919,2021-08-30,BB,11.21000004
920,2021-08-31,BB,11.40999985
921,2021-09-01,BB,11.68000031
922,2021-09-02,BB,11.25
923,2021-09-03,BB,11.06999969
924,2021-09-07,BB,10.82999992
925,2021-09-08,BB,10.39000034
926,2021-09-09,BB,10.72999954
927,2021-09-10,BB,10.42000008
928,2021-09-13,BB,10.47000027
929,2021-09-14,BB,10.03999996
930,2021-09-15,BB,10.13000011
931,2021-09-16,BB,10.15999985
932,2021-09-17,BB,10.02999973
933,2021-09-20,BB,9.430000305
934,2021-09-21,BB,9.369999886
935,2021-09-22,BB,9.56000042
936,2021-09-23,BB,10.60000038
937,2021-09-24,BB,10.38000011
938,2021-09-27,BB,10.14000034
939,2021-09-28,BB,9.789999962
940,2021-09-29,BB,9.600000381
941,2021-09-30,BB,9.729999542
942,2021-10-01,BB,9.699999809
943,2021-10-04,BB,9.600000381
944,2021-10-05,BB,9.520000458
945,2021-10-06,BB,9.359999657
946,2021-10-07,BB,9.600000381
947,2021-10-08,BB,9.390000343
948,2021-10-11,BB,9.279999733
949,2021-10-12,BB,9.340000153
950,2021-10-13,BB,9.81000042
951,2021-10-14,BB,10.26000023
952,2021-10-15,BB,10.34000015
953,2021-10-18,BB,10.10000038
954,2021-10-19,BB,11.52000046
955,2021-10-20,BB,11.40999985
956,2021-10-21,BB,11.30000019
957,2021-10-22,BB,10.92000008
958,2021-10-25,BB,11.03999996
959,2021-10-26,BB,10.82999992
960,2021-10-27,BB,10.56999969
961,2021-10-28,BB,10.78999996
962,2021-10-29,BB,10.80000019
963,2021-11-01,BB,11.36999989
964,2021-11-02,BB,11.39999962
965,2021-11-03,BB,11.72999954
966,2021-11-04,BB,10.93999958
967,2021-11-05,BB,11.05000019
968,2021-11-08,BB,11.27999973
969,2021-11-09,BB,11.18999958
970,2021-11-10,BB,10.47999954
971,2021-11-11,BB,10.53999996
972,2021-11-12,BB,10.77999973
973,2021-11-15,BB,10.81999969
974,2021-11-16,BB,11.22000027
975,2021-11-17,BB,10.96000004
976,2021-11-18,BB,10.63000011
977,2021-11-19,BB,10.43999958
978,2021-11-22,BB,10.09000015
979,2021-11-23,BB,10.10999966
980,2021-11-24,BB,10.21000004
981,2021-11-26,BB,9.970000267
982,2021-11-29,BB,9.850000381
983,2021-11-30,BB,9.520000458
984,2021-12-01,BB,8.880000114
985,2021-12-02,BB,9.279999733
986,2021-12-03,BB,8.93999958
987,2021-12-06,BB,9.029999733
988,2021-12-07,BB,9.289999962
989,2021-12-08,BB,9.31000042
990,2021-12-09,BB,9.010000229
991,2021-12-10,BB,8.789999962
992,2021-12-13,BB,8.659999847
993,2021-12-14,BB,8.600000381
994,2021-12-15,BB,8.930000305
995,2021-12-16,BB,8.779999733
996,2021-12-17,BB,9.170000076
997,2021-12-20,BB,8.880000114
998,2021-12-21,BB,9.25
999,2021-12-22,BB,9.409999847
1000,2021-12-23,BB,9.479999542
1001,2021-12-27,BB,9.399999619
1002,2021-12-28,BB,9.43999958
1003,2021-12-29,BB,9.210000038
1004,2021-12-30,BB,9.489999771
1005,2021-12-31,BB,9.350000381
1006,2022-01-03,BB,9.369999886
1007,2022-01-04,BB,9.329999924
1008,2022-01-05,BB,8.779999733
1009,2022-01-06,BB,8.779999733
1010,2022-01-07,BB,8.859999657
1011,2022-01-10,BB,8.840000153
1012,2022-01-11,BB,9.199999809
1013,2022-01-12,BB,9.199999809
1014,2022-01-13,BB,8.93999958
1015,2022-01-14,BB,9.039999962
1016,2022-01-18,BB,9.090000153
1017,2022-01-19,BB,8.930000305
1018,2022-01-20,BB,8.890000343
1019,2022-01-21,BB,8.539999962
1020,2022-01-24,BB,8.199999809
1021,2022-01-25,BB,8.079999924
1022,2022-01-26,BB,7.909999847
1023,2022-01-27,BB,7.550000191
1024,2022-01-28,BB,7.880000114
1025,2022-01-31,BB,8.229999542
1026,2022-02-01,BB,8.130000114
1027,2022-02-02,BB,7.71999979
1028,2022-02-03,BB,7.269999981
1029,2022-02-04,BB,7.369999886
1030,2022-02-07,BB,7.239999771
1031,2022-02-08,BB,7.289999962
1032,2022-02-09,BB,7.389999866
1033,2022-02-10,BB,7.230000019
1034,2022-02-11,BB,7.039999962
1035,2022-02-14,BB,6.900000095
1036,2022-02-15,BB,7.190000057
1037,2022-02-16,BB,7.150000095
1038,2022-02-17,BB,6.829999924
1039,2022-02-18,BB,6.650000095
1040,2022-02-22,BB,6.420000076
1041,2022-02-23,BB,6.260000229
1042,2022-02-24,BB,6.619999886
1043,2022-02-25,BB,6.71999979
1044,2022-02-28,BB,6.869999886
1045,2022-03-01,BB,6.78000021
1046,2022-03-02,BB,6.840000153
1047,2022-03-03,BB,6.730000019
1048,2022-03-04,BB,6.480000019
1049,2022-03-07,BB,6.300000191
1050,2022-03-08,BB,6.360000134
1051,2022-03-09,BB,6.739999771
1052,2022-03-10,BB,6.510000229
1053,2022-03-11,BB,6.239999771
1054,2022-03-14,BB,5.940000057
1055,2022-03-15,BB,6.090000153
1056,2022-03-16,BB,6.570000172
1057,2022-03-17,BB,6.820000172
1058,2022-03-18,BB,7.03000021
1059,2022-03-21,BB,7.130000114
1060,2022-03-22,BB,7.480000019
1061,2022-03-23,BB,7.550000191
1062,2022-03-24,BB,7.650000095
1063,2022-03-25,BB,7.389999866
1064,2022-03-28,BB,7.670000076
1065,2022-03-29,BB,7.829999924
1066,2022-03-30,BB,7.590000153
1067,2022-03-31,BB,7.460000038
1068,2022-04-01,BB,6.75
1069,2022-04-04,BB,7.059999943
1070,2022-04-05,BB,7.110000134
1071,2022-04-06,BB,6.920000076
1072,2022-04-07,BB,6.769999981
1073,2022-04-08,BB,6.800000191
1074,2022-04-11,BB,6.760000229
1075,2022-04-12,BB,6.699999809
1076,2022-04-13,BB,6.849999905
1077,2022-04-14,BB,6.679999828
1078,2022-04-18,BB,6.5
1079,2022-04-19,BB,6.639999866
1080,2022-04-20,BB,6.409999847
1081,2022-04-21,BB,6.159999847
1082,2022-04-22,BB,6.059999943
1083,2022-04-25,BB,6.079999924
1084,2022-04-26,BB,5.699999809
1085,2022-04-27,BB,5.599999905
1086,2022-04-28,BB,5.880000114
1087,2022-04-29,BB,5.71999979
1088,2022-05-02,BB,5.860000134
1089,2022-05-03,BB,5.880000114
1090,2022-05-04,BB,6.119999886
1091,2022-05-05,BB,5.820000172
1092,2022-05-06,BB,5.610000134
1093,2022-05-09,BB,5.139999866
1094,2022-05-10,BB,5.190000057
1095,2022-05-11,BB,4.889999866
1096,2022-05-12,BB,5.130000114
1097,2022-05-13,BB,5.829999924
1098,2022-05-16,BB,5.690000057
1099,2022-05-17,BB,6.010000229
1100,2022-05-18,BB,5.880000114
1101,2022-05-19,BB,6.010000229
1102,2022-05-20,BB,5.889999866
1103,2022-05-23,BB,5.949999809
1104,2022-05-24,BB,5.739999771
1105,2022-05-25,BB,5.909999847
1106,2022-05-26,BB,6.070000172
1107,2022-05-27,BB,6.570000172
1108,2022-05-31,BB,6.050000191
1109,2022-06-01,BB,5.730000019
1110,2022-06-02,BB,6.159999847
1111,2022-06-03,BB,5.829999924
1112,2022-06-06,BB,5.900000095
1113,2022-06-07,BB,6.119999886
1114,2022-06-08,BB,6.130000114
1115,2022-06-09,BB,5.789999962
1116,2022-06-10,BB,5.539999962
1117,2022-06-13,BB,5.130000114
1118,2022-06-14,BB,5.139999866
1119,2022-06-15,BB,5.429999828
1120,2022-06-16,BB,5.070000172
1121,2022-06-17,BB,5.190000057
1122,2022-06-21,BB,5.269999981
1123,2022-06-22,BB,5.320000172
1124,2022-06-23,BB,5.369999886
1125,2022-06-24,BB,5.75
1126,2022-06-27,BB,5.800000191
1127,2022-06-28,BB,5.739999771
1128,2022-06-29,BB,5.539999962
1129,2022-06-30,BB,5.389999866
1130,2022-07-01,BB,5.449999809
1131,2022-07-05,BB,5.639999866
1132,2022-07-06,BB,5.840000153
1133,2022-07-07,BB,6.059999943
1134,2022-07-08,BB,5.940000057
1135,2022-07-11,BB,5.710000038
1136,2022-07-12,BB,5.630000114
1137,2022-07-13,BB,5.789999962
1138,2022-07-14,BB,5.619999886
1139,2022-07-15,BB,5.75
1140,2022-07-18,BB,5.75
1141,2022-07-19,BB,5.96999979
1142,2022-07-20,BB,6.170000076
1143,2022-07-21,BB,6.210000038
1144,2022-07-22,BB,5.929999828
1145,2022-07-25,BB,5.860000134
1146,2022-07-26,BB,5.710000038
1147,2022-07-27,BB,5.960000038
1148,2022-07-28,BB,6.119999886
1149,2022-07-29,BB,6.130000114
1150,2022-08-01,BB,6.099999905
1151,2022-08-02,BB,6.300000191
1152,2022-08-03,BB,6.570000172
1153,2022-08-04,BB,6.650000095
1154,2022-08-05,BB,6.75
1155,2022-08-08,BB,6.900000095
1156,2022-08-09,BB,6.590000153
1157,2022-08-10,BB,6.929999828
1158,2022-08-11,BB,6.739999771
1159,2022-08-12,BB,6.78000021
1160,2022-08-15,BB,6.860000134
1161,2022-08-16,BB,7.019999981
1162,2022-08-17,BB,6.769999981
1163,2022-08-18,BB,6.75
1164,2022-08-19,BB,6.369999886
1165,2022-08-22,BB,6.099999905
1166,2022-08-23,BB,6.150000095
1167,2022-08-24,BB,6.269999981
1168,2022-08-25,BB,6.420000076
1169,2022-08-26,BB,6.090000153
1170,2022-08-29,BB,6.110000134
1171,2022-08-30,BB,6.039999962
1172,2022-08-31,BB,5.940000057
1173,2022-09-01,BB,5.760000229
1174,2022-09-02,BB,5.739999771
1175,2022-09-06,BB,5.579999924
1176,2022-09-07,BB,5.690000057
1177,2022-09-08,BB,5.789999962
1178,2022-09-09,BB,6.019999981
1179,2022-09-12,BB,6.199999809
1180,2022-09-13,BB,5.929999828
1181,2022-09-14,BB,5.960000038
1182,2022-09-15,BB,6.050000191
1183,2022-09-16,BB,5.71999979
1184,2022-09-19,BB,5.739999771
1185,2022-09-20,BB,5.579999924
1186,2022-09-21,BB,5.449999809
1187,2022-09-22,BB,5.239999771
1188,2022-09-23,BB,5.070000172
1189,2022-09-26,BB,4.96999979
1190,2022-09-27,BB,5.090000153
1191,2022-09-28,BB,4.989999771
1192,2022-09-29,BB,4.800000191
1193,2022-09-30,BB,4.699999809
1194,2022-10-03,BB,4.809999943
1195,2022-10-04,BB,4.989999771
1196,2022-10-05,BB,4.909999847
1197,2022-10-06,BB,4.809999943
1198,2022-10-07,BB,4.579999924
1199,2022-10-10,BB,4.429999828
1200,2022-10-11,BB,4.179999828
1201,2022-10-12,BB,4.199999809
1202,2022-10-13,BB,4.199999809
1203,2022-10-14,BB,3.980000019
1204,2022-10-17,BB,4.300000191
1205,2022-10-18,BB,4.380000114
1206,2022-10-19,BB,4.21999979
1207,2022-10-20,BB,4.340000153
1208,2022-10-21,BB,4.400000095
1209,2022-10-24,BB,4.420000076
1210,2022-10-25,BB,4.570000172
1211,2022-10-26,BB,4.53000021
1212,2022-10-27,BB,4.53000021
1213,2022-10-28,BB,4.630000114
1214,2022-10-31,BB,4.659999847
1215,2022-11-01,BB,4.659999847
1216,2022-11-02,BB,4.409999847
1217,2022-11-03,BB,4.269999981
1218,2022-11-04,BB,4.409999847
1219,2022-11-07,BB,4.75
1220,2022-11-08,BB,4.769999981
1221,2022-11-09,BB,4.650000095
1222,2022-11-10,BB,4.920000076
1223,2022-11-11,BB,4.96999979
1224,2022-11-14,BB,4.769999981
1225,2022-11-15,BB,4.840000153
1226,2022-11-16,BB,4.789999962
1227,2022-11-17,BB,4.730000019
1228,2022-11-18,BB,4.760000229
1229,2022-11-21,BB,4.590000153
1230,2022-11-22,BB,4.650000095
1231,2022-11-23,BB,4.809999943
1232,2022-11-25,BB,4.840000153
1233,2022-11-28,BB,4.800000191
1234,2022-11-29,BB,4.840000153
1235,2022-11-30,BB,4.869999886
1236,2022-12-01,BB,5.079999924
1237,2022-12-02,BB,5.199999809
1238,2022-12-05,BB,4.840000153
1239,2022-12-06,BB,4.579999924
1240,2022-12-07,BB,4.369999886
1241,2022-12-08,BB,4.400000095
1242,2022-12-09,BB,4.400000095
1243,2022-12-12,BB,4.409999847
1244,2022-12-13,BB,4.429999828
1245,2022-12-14,BB,4.389999866
1246,2022-12-15,BB,4.260000229
1247,2022-12-16,BB,4.21999979
1248,2022-12-19,BB,4.110000134
1249,2022-12-20,BB,4.150000095
1250,2022-12-21,BB,3.75
1251,2022-12-22,BB,3.430000067
1252,2022-12-23,BB,3.400000095
1253,2022-12-27,BB,3.289999962
1254,2022-12-28,BB,3.180000067
1255,2022-12-29,BB,3.25999999
1256,2022-12-30,BB,3.25999999
1257,2018-01-04,AAPL,41.13354492
1258,2018-01-05,AAPL,41.60186768
1259,2018-01-08,AAPL,41.4473381
1260,2018-01-09,AAPL,41.44258499
1261,2018-01-10,AAPL,41.43307495
1262,2018-01-11,AAPL,41.66842651
1263,2018-01-12,AAPL,42.09870911
1264,2018-01-16,AAPL,41.884758
1265,2018-01-17,AAPL,42.57653809
1266,2018-01-18,AAPL,42.6145668
1267,2018-01-19,AAPL,42.42438889
1268,2018-01-22,AAPL,42.07731247
1269,2018-01-23,AAPL,42.08682251
1270,2018-01-24,AAPL,41.41643906
1271,2018-01-25,AAPL,40.67711639
1272,2018-01-26,AAPL,40.77219391
1273,2018-01-29,AAPL,39.92828751
1274,2018-01-30,AAPL,39.69293594
1275,2018-01-31,AAPL,39.80228424
1276,2018-02-01,AAPL,39.8854866
1277,2018-02-02,AAPL,38.15485001
1278,2018-02-05,AAPL,37.20158005
1279,2018-02-06,AAPL,38.75629044
1280,2018-02-07,AAPL,37.92663193
1281,2018-02-08,AAPL,36.88301849
1282,2018-02-09,AAPL,37.33415604
1283,2018-02-12,AAPL,38.83792877
1284,2018-02-13,AAPL,39.22699738
1285,2018-02-14,AAPL,39.9502449
1286,2018-02-15,AAPL,41.29170227
1287,2018-02-16,AAPL,41.15803528
1288,2018-02-20,AAPL,41.01959229
1289,2018-02-21,AAPL,40.83341217
1290,2018-02-22,AAPL,41.17473602
1291,2018-02-23,AAPL,41.89082336
1292,2018-02-26,AAPL,42.71909332
1293,2018-02-27,AAPL,42.58065414
1294,2018-02-28,AAPL,42.51621246
1295,2018-03-01,AAPL,41.77148056
1296,2018-03-02,AAPL,42.06029892
1297,2018-03-05,AAPL,42.2059021
1298,2018-03-06,AAPL,42.17008972
1299,2018-03-07,AAPL,41.77863693
1300,2018-03-08,AAPL,42.23454285
1301,2018-03-09,AAPL,42.96017075
1302,2018-03-12,AAPL,43.37549973
1303,2018-03-13,AAPL,42.95778275
1304,2018-03-14,AAPL,42.59257889
1305,2018-03-15,AAPL,42.64270782
1306,2018-03-16,AAPL,42.49234009
1307,2018-03-19,AAPL,41.84308243
1308,2018-03-20,AAPL,41.8287735
1309,2018-03-21,AAPL,40.88114548
1310,2018-03-22,AAPL,40.30351257
1311,2018-03-23,AAPL,39.37021637
1312,2018-03-26,AAPL,41.23919296
1313,2018-03-27,AAPL,40.18177032
1314,2018-03-28,AAPL,39.73780441
1315,2018-03-29,AAPL,40.04810333
1316,2018-04-02,AAPL,39.78554153
1317,2018-04-03,AAPL,40.19371033
1318,2018-04-04,AAPL,40.96229935
1319,2018-04-05,AAPL,41.24634933
1320,2018-04-06,AAPL,40.19132614
1321,2018-04-09,AAPL,40.58994293
1322,2018-04-10,AAPL,41.35375595
1323,2018-04-11,AAPL,41.16043091
1324,2018-04-12,AAPL,41.56620789
1325,2018-04-13,AAPL,41.70703506
1326,2018-04-16,AAPL,41.96721649
1327,2018-04-17,AAPL,42.5448494
1328,2018-04-18,AAPL,42.44937134
1329,2018-04-19,AAPL,41.24634933
1330,2018-04-20,AAPL,39.5564003
1331,2018-04-23,AAPL,39.44182587
1332,2018-04-24,AAPL,38.8928299
1333,2018-04-25,AAPL,39.06229401
1334,2018-04-26,AAPL,39.19835663
1335,2018-04-27,AAPL,38.7448349
1336,2018-04-30,AAPL,39.44659042
1337,2018-05-01,AAPL,40.36317444
1338,2018-05-02,AAPL,42.1462326
1339,2018-05-03,AAPL,42.22260666
1340,2018-05-04,AAPL,43.87914658
1341,2018-05-07,AAPL,44.19661713
1342,2018-05-08,AAPL,44.40904999
1343,2018-05-09,AAPL,44.72173691
1344,2018-05-10,AAPL,45.36144638
1345,2018-05-11,AAPL,45.18891525
1346,2018-05-14,AAPL,45.08348465
1347,2018-05-15,AAPL,44.67374802
1348,2018-05-16,AAPL,45.09067535
1349,2018-05-17,AAPL,44.80553055
1350,2018-05-18,AAPL,44.64258957
1351,2018-05-21,AAPL,44.95888901
1352,2018-05-22,AAPL,44.84626389
1353,2018-05-23,AAPL,45.13380051
1354,2018-05-24,AAPL,45.08348465
1355,2018-05-25,AAPL,45.18651962
1356,2018-05-29,AAPL,45.02357864
1357,2018-05-30,AAPL,44.92773056
1358,2018-05-31,AAPL,44.77677917
1359,2018-06-01,AAPL,45.58428192
1360,2018-06-04,AAPL,45.96526718
1361,2018-06-05,AAPL,46.3198967
1362,2018-06-06,AAPL,46.48042679
1363,2018-06-07,AAPL,46.35584259
1364,2018-06-08,AAPL,45.93412018
1365,2018-06-11,AAPL,45.82149124
1366,2018-06-12,AAPL,46.07309341
1367,2018-06-13,AAPL,45.69449615
1368,2018-06-14,AAPL,45.71847534
1369,2018-06-15,AAPL,45.24881363
1370,2018-06-18,AAPL,45.22486115
1371,2018-06-19,AAPL,44.49403
1372,2018-06-20,AAPL,44.68811417
1373,2018-06-21,AAPL,44.43892288
1374,2018-06-22,AAPL,44.30953217
1375,2018-06-25,AAPL,43.65058517
1376,2018-06-26,AAPL,44.19211578
1377,2018-06-27,AAPL,44.12742996
1378,2018-06-28,AAPL,44.44851303
1379,2018-06-29,AAPL,44.35506058
1380,2018-07-02,AAPL,44.85105515
1381,2018-07-03,AAPL,44.06990814
1382,2018-07-05,AAPL,44.4245491
1383,2018-07-06,AAPL,45.0403595
1384,2018-07-09,AAPL,45.66575623
1385,2018-07-10,AAPL,45.61063385
1386,2018-07-11,AAPL,45.0187912
1387,2018-07-12,AAPL,45.77356339
1388,2018-07-13,AAPL,45.84545517
1389,2018-07-16,AAPL,45.74482346
1390,2018-07-17,AAPL,45.87421417
1391,2018-07-18,AAPL,45.62261963
1392,2018-07-19,AAPL,45.97724915
1393,2018-07-20,AAPL,45.87181854
1394,2018-07-23,AAPL,45.91254807
1395,2018-07-24,AAPL,46.2456131
1396,2018-07-25,AAPL,46.68172073
1397,2018-07-26,AAPL,46.53554916
1398,2018-07-27,AAPL,45.76159286
1399,2018-07-30,AAPL,45.50520706
1400,2018-07-31,AAPL,45.59626389
1401,2018-08-01,AAPL,48.28233337
1402,2018-08-02,AAPL,49.69366455
1403,2018-08-03,AAPL,49.83744049
1404,2018-08-06,AAPL,50.09622574
1405,2018-08-07,AAPL,49.62657928
1406,2018-08-08,AAPL,49.66012192
1407,2018-08-09,AAPL,50.05069351
1408,2018-08-10,AAPL,49.90161133
1409,2018-08-13,AAPL,50.22383118
1410,2018-08-14,AAPL,50.43542862
1411,2018-08-15,AAPL,50.55325317
1412,2018-08-16,AAPL,51.29384995
1413,2018-08-17,AAPL,52.31818771
1414,2018-08-20,AAPL,51.80842209
1415,2018-08-21,AAPL,51.70743179
1416,2018-08-22,AAPL,51.70983124
1417,2018-08-23,AAPL,51.81563187
1418,2018-08-24,AAPL,51.97673798
1419,2018-08-27,AAPL,52.40475082
1420,2018-08-28,AAPL,52.82795334
1421,2018-08-29,AAPL,53.61664581
1422,2018-08-30,AAPL,54.10957718
1423,2018-08-31,AAPL,54.7347641
1424,2018-09-04,AAPL,54.91029739
1425,2018-09-05,AAPL,54.55201721
1426,2018-09-06,AAPL,53.64550018
1427,2018-09-07,AAPL,53.21268463
1428,2018-09-10,AAPL,52.49852371
1429,2018-09-11,AAPL,53.82584
1430,2018-09-12,AAPL,53.15737152
1431,2018-09-13,AAPL,54.44139862
1432,2018-09-14,AAPL,53.82343292
1433,2018-09-17,AAPL,52.39033127
1434,2018-09-18,AAPL,52.47688675
1435,2018-09-19,AAPL,52.50814819
1436,2018-09-20,AAPL,52.90730286
1437,2018-09-21,AAPL,52.33742905
1438,2018-09-24,AAPL,53.09004593
1439,2018-09-25,AAPL,53.42669678
1440,2018-09-26,AAPL,53.00108337
1441,2018-09-27,AAPL,54.09033203
1442,2018-09-28,AAPL,54.28029633
1443,2018-10-01,AAPL,54.6457901
1444,2018-10-02,AAPL,55.1315155
1445,2018-10-03,AAPL,55.80237579
1446,2018-10-04,AAPL,54.82131958
1447,2018-10-05,AAPL,53.93164063
1448,2018-10-08,AAPL,53.80660248
1449,2018-10-09,AAPL,54.55201721
1450,2018-10-10,AAPL,52.02482986
1451,2018-10-11,AAPL,51.56557083
1452,2018-10-12,AAPL,53.40744781
1453,2018-10-15,AAPL,52.26528931
1454,2018-10-16,AAPL,53.4170723
1455,2018-10-17,AAPL,53.18623352
1456,2018-10-18,AAPL,51.94307709
1457,2018-10-19,AAPL,52.73417664
1458,2018-10-22,AAPL,53.05638123
1459,2018-10-23,AAPL,53.55652618
1460,2018-10-24,AAPL,51.71944809
1461,2018-10-25,AAPL,52.85199356
1462,2018-10-26,AAPL,52.01039886
1463,2018-10-29,AAPL,51.0341568
1464,2018-10-30,AAPL,51.28903961
1465,2018-10-31,AAPL,52.62596893
1466,2018-11-01,AAPL,53.4338913
1467,2018-11-02,AAPL,49.88959122
1468,2018-11-05,AAPL,48.47330856
1469,2018-11-06,AAPL,48.99750519
1470,2018-11-07,AAPL,50.48351669
1471,2018-11-08,AAPL,50.30736542
1472,2018-11-09,AAPL,49.33737564
1473,2018-11-12,AAPL,46.85204315
1474,2018-11-13,AAPL,46.38392639
1475,2018-11-14,AAPL,45.0737114
1476,2018-11-15,AAPL,46.18606567
1477,2018-11-16,AAPL,46.69761658
1478,2018-11-19,AAPL,44.84689331
1479,2018-11-20,AAPL,42.70420074
1480,2018-11-21,AAPL,42.65595245
1481,2018-11-23,AAPL,41.57253647
1482,2018-11-26,AAPL,42.13473892
1483,2018-11-27,AAPL,42.04305267
1484,2018-11-28,AAPL,43.659729
1485,2018-11-29,AAPL,43.32432556
1486,2018-11-30,AAPL,43.09027863
1487,2018-12-03,AAPL,44.59594727
1488,2018-12-04,AAPL,42.63422394
1489,2018-12-06,AAPL,42.15887833
1490,2018-12-07,AAPL,40.65561676
1491,2018-12-10,AAPL,40.9234581
1492,2018-12-11,AAPL,40.68940353
1493,2018-12-12,AAPL,40.80280304
1494,2018-12-13,AAPL,41.2491951
1495,2018-12-14,AAPL,39.92932129
1496,2018-12-17,AAPL,39.55773163
1497,2018-12-18,AAPL,40.07168198
1498,2018-12-19,AAPL,38.82178116
1499,2018-12-20,AAPL,37.84212875
1500,2018-12-21,AAPL,36.37023163
1501,2018-12-24,AAPL,35.42918777
1502,2018-12-26,AAPL,37.92416382
1503,2018-12-27,AAPL,37.67804718
1504,2018-12-28,AAPL,37.69735336
1505,2018-12-31,AAPL,38.06171036
1506,2019-01-02,AAPL,38.10514832
1507,2019-01-03,AAPL,34.30958939
1508,2019-01-04,AAPL,35.77423477
1509,2019-01-07,AAPL,35.69461441
1510,2019-01-08,AAPL,36.37505341
1511,2019-01-09,AAPL,36.99276733
1512,2019-01-10,AAPL,37.11101532
1513,2019-01-11,AAPL,36.74665451
1514,2019-01-14,AAPL,36.19409561
1515,2019-01-15,AAPL,36.93486023
1516,2019-01-16,AAPL,37.38608551
1517,2019-01-17,AAPL,37.60807037
1518,2019-01-18,AAPL,37.83971405
1519,2019-01-22,AAPL,36.99036407
1520,2019-01-23,AAPL,37.13996124
1521,2019-01-24,AAPL,36.84557343
1522,2019-01-25,AAPL,38.06652832
1523,2019-01-28,AAPL,37.7142334
1524,2019-01-29,AAPL,37.323349
1525,2019-01-30,AAPL,39.87382507
1526,2019-01-31,AAPL,40.16095734
1527,2019-02-01,AAPL,40.18027115
1528,2019-02-04,AAPL,41.32157898
1529,2019-02-05,AAPL,42.0285759
1530,2019-02-06,AAPL,42.04305267
1531,2019-02-07,AAPL,41.2467804
1532,2019-02-08,AAPL,41.29525757
1533,2019-02-11,AAPL,41.05776596
1534,2019-02-12,AAPL,41.4115715
1535,2019-02-13,AAPL,41.2395134
1536,2019-02-14,AAPL,41.38976288
1537,2019-02-15,AAPL,41.29767609
1538,2019-02-19,AAPL,41.42126083
1539,2019-02-20,AAPL,41.68782043
1540,2019-02-21,AAPL,41.45276642
1541,2019-02-22,AAPL,41.91561127
1542,2019-02-25,AAPL,42.22094727
1543,2019-02-26,AAPL,42.24518585
1544,2019-02-27,AAPL,42.37603378
1545,2019-02-28,AAPL,41.95923233
1546,2019-03-01,AAPL,42.40027237
1547,2019-03-04,AAPL,42.61351776
1548,2019-03-05,AAPL,42.5359726
1549,2019-03-06,AAPL,42.29123306
1550,2019-03-07,AAPL,41.80171204
1551,2019-03-08,AAPL,41.90107346
1552,2019-03-11,AAPL,43.35261917
1553,2019-03-12,AAPL,43.83971024
1554,2019-03-13,AAPL,44.03356171
1555,2019-03-14,AAPL,44.52306747
1556,2019-03-15,AAPL,45.1022377
1557,2019-03-18,AAPL,45.56266785
1558,2019-03-19,AAPL,45.20159149
1559,2019-03-20,AAPL,45.59659195
1560,2019-03-21,AAPL,47.27592468
1561,2019-03-22,AAPL,46.29692078
1562,2019-03-25,AAPL,45.73713684
1563,2019-03-26,AAPL,45.26459885
1564,2019-03-27,AAPL,45.67170334
1565,2019-03-28,AAPL,45.73229218
1566,2019-03-29,AAPL,46.03035355
1567,2019-04-01,AAPL,46.34296417
1568,2019-04-02,AAPL,47.01663589
1569,2019-04-03,AAPL,47.33893204
1570,2019-04-04,AAPL,47.42131805
1571,2019-04-05,AAPL,47.73877335
1572,2019-04-08,AAPL,48.48999405
1573,2019-04-09,AAPL,48.34460068
1574,2019-04-10,AAPL,48.61600494
1575,2019-04-11,AAPL,48.21131516
1576,2019-04-12,AAPL,48.19192505
1577,2019-04-15,AAPL,48.27916718
1578,2019-04-16,AAPL,48.28401566
1579,2019-04-17,AAPL,49.22425461
1580,2019-04-18,AAPL,49.40115356
1581,2019-04-22,AAPL,49.56350327
1582,2019-04-23,AAPL,50.27837753
1583,2019-04-24,AAPL,50.20083237
1584,2019-04-25,AAPL,49.74525833
1585,2019-04-26,AAPL,49.50777054
1586,2019-04-29,AAPL,49.58289719
1587,2019-04-30,AAPL,48.62811661
1588,2019-05-01,AAPL,51.01506042
1589,2019-05-02,AAPL,50.68306732
1590,2019-05-03,AAPL,51.3131218
1591,2019-05-06,AAPL,50.52070999
1592,2019-05-07,AAPL,49.15881729
1593,2019-05-08,AAPL,49.16851044
1594,2019-05-09,AAPL,48.64023972
1595,2019-05-10,AAPL,47.96640396
1596,2019-05-13,AAPL,45.17861938
1597,2019-05-14,AAPL,45.89381027
1598,2019-05-15,AAPL,46.44358444
1599,2019-05-16,AAPL,46.23923874
1600,2019-05-17,AAPL,45.97652435
1601,2019-05-20,AAPL,44.53883743
1602,2019-05-21,AAPL,45.39269257
1603,2019-05-22,AAPL,44.46342087
1604,2019-05-23,AAPL,43.70445251
1605,2019-05-24,AAPL,43.53659821
1606,2019-05-28,AAPL,43.35659027
1607,2019-05-29,AAPL,43.14981842
1608,2019-05-30,AAPL,43.37362289
1609,2019-05-31,AAPL,42.58788681
1610,2019-06-03,AAPL,42.15731049
1611,2019-06-04,AAPL,43.69958496
1612,2019-06-05,AAPL,44.40504456
1613,2019-06-06,AAPL,45.05699158
1614,2019-06-07,AAPL,46.25626755
1615,2019-06-10,AAPL,46.84739685
1616,2019-06-11,AAPL,47.38986588
1617,2019-06-12,AAPL,47.239048
1618,2019-06-13,AAPL,47.22931671
1619,2019-06-14,AAPL,46.88631821
1620,2019-06-17,AAPL,47.16607285
1621,2019-06-18,AAPL,48.27534866
1622,2019-06-19,AAPL,48.13425446
1623,2019-06-20,AAPL,48.5210495
1624,2019-06-21,AAPL,48.35562134
1625,2019-06-24,AAPL,48.3069725
1626,2019-06-25,AAPL,47.57474899
1627,2019-06-26,AAPL,48.60375214
1628,2019-06-27,AAPL,48.58915329
1629,2019-06-28,AAPL,48.14641571
1630,2019-07-01,AAPL,49.02944946
1631,2019-07-02,AAPL,49.31650925
1632,2019-07-03,AAPL,49.72519302
1633,2019-07-05,AAPL,49.68139648
1634,2019-07-08,AAPL,48.65726852
1635,2019-07-09,AAPL,48.95404816
1636,2019-07-10,AAPL,49.43813705
1637,2019-07-11,AAPL,49.07810593
1638,2019-07-12,AAPL,49.45516586
1639,2019-07-15,AAPL,49.91980362
1640,2019-07-16,AAPL,49.74707794
1641,2019-07-17,AAPL,49.46733093
1642,2019-07-18,AAPL,50.02927017
1643,2019-07-19,AAPL,49.28244781
1644,2019-07-22,AAPL,50.40874863
1645,2019-07-23,AAPL,50.80283737
1646,2019-07-24,AAPL,50.76148224
1647,2019-07-25,AAPL,50.36010361
1648,2019-07-26,AAPL,50.53525162
1649,2019-07-29,AAPL,51.00718307
1650,2019-07-30,AAPL,50.78823853
1651,2019-07-31,AAPL,51.82452774
1652,2019-08-01,AAPL,50.7030983
1653,2019-08-02,AAPL,49.63031769
1654,2019-08-05,AAPL,47.03226852
1655,2019-08-06,AAPL,47.92261505
1656,2019-08-07,AAPL,48.41887283
1657,2019-08-08,AAPL,49.4867897
1658,2019-08-09,AAPL,49.0790062
1659,2019-08-12,AAPL,48.95446014
1660,2019-08-13,AAPL,51.02760315
1661,2019-08-14,AAPL,49.50876999
1662,2019-08-15,AAPL,49.26214218
1663,2019-08-16,AAPL,50.42446136
1664,2019-08-19,AAPL,51.36458969
1665,2019-08-20,AAPL,51.36702347
1666,2019-08-21,AAPL,51.92376328
1667,2019-08-22,AAPL,51.87981033
1668,2019-08-23,AAPL,49.48190308
1669,2019-08-26,AAPL,50.42201614
1670,2019-08-27,AAPL,49.85306931
1671,2019-08-28,AAPL,50.187603
1672,2019-08-29,AAPL,51.0373764
1673,2019-08-30,AAPL,50.97144318
1674,2019-09-03,AAPL,50.22911835
1675,2019-09-04,AAPL,51.08132172
1676,2019-09-05,AAPL,52.08004761
1677,2019-09-06,AAPL,52.07515717
1678,2019-09-09,AAPL,52.29737473
1679,2019-09-10,AAPL,52.91516876
1680,2019-09-11,AAPL,54.59760666
1681,2019-09-12,AAPL,54.47550964
1682,2019-09-13,AAPL,53.41574478
1683,2019-09-16,AAPL,53.69655228
1684,2019-09-17,AAPL,53.89191818
1685,2019-09-18,AAPL,54.39737701
1686,2019-09-19,AAPL,53.95539474
1687,2019-09-20,AAPL,53.16666794
1688,2019-09-23,AAPL,53.40842056
1689,2019-09-24,AAPL,53.15446854
1690,2019-09-25,AAPL,53.97249603
1691,2019-09-26,AAPL,53.69412231
1692,2019-09-27,AAPL,53.43284225
1693,2019-09-30,AAPL,54.6904068
1694,2019-10-01,AAPL,54.84179688
1695,2019-10-02,AAPL,53.46702576
1696,2019-10-03,AAPL,53.92121506
1697,2019-10-04,AAPL,55.432724
1698,2019-10-07,AAPL,55.44492722
1699,2019-10-08,AAPL,54.7953949
1700,2019-10-09,AAPL,55.43761063
1701,2019-10-10,AAPL,56.18482208
1702,2019-10-11,AAPL,57.67923355
1703,2019-10-14,AAPL,57.59621048
1704,2019-10-15,AAPL,57.46191788
1705,2019-10-16,AAPL,57.22993469
1706,2019-10-17,AAPL,57.45214081
1707,2019-10-18,AAPL,57.72807693
1708,2019-10-21,AAPL,58.72924423
1709,2019-10-22,AAPL,58.59493637
1710,2019-10-23,AAPL,59.38122177
1711,2019-10-24,AAPL,59.47888947
1712,2019-10-25,AAPL,60.21144104
1713,2019-10-28,AAPL,60.81458664
1714,2019-10-29,AAPL,59.40807343
1715,2019-10-30,AAPL,59.40074921
1716,2019-10-31,AAPL,60.74377823
1717,2019-11-01,AAPL,62.46773529
1718,2019-11-04,AAPL,62.87796402
1719,2019-11-05,AAPL,62.7876091
1720,2019-11-06,AAPL,62.81447601
1721,2019-11-07,AAPL,63.53942871
1722,2019-11-08,AAPL,63.7133255
1723,2019-11-11,AAPL,64.21786499
1724,2019-11-12,AAPL,64.15908813
1725,2019-11-13,AAPL,64.77381897
1726,2019-11-14,AAPL,64.32562256
1727,2019-11-15,AAPL,65.08976746
1728,2019-11-18,AAPL,65.41796112
1729,2019-11-19,AAPL,65.21957397
1730,2019-11-20,AAPL,64.46033478
1731,2019-11-21,AAPL,64.17132568
1732,2019-11-22,AAPL,64.11500549
1733,2019-11-25,AAPL,65.23917389
1734,2019-11-26,AAPL,64.72974396
1735,2019-11-27,AAPL,65.59921265
1736,2019-11-29,AAPL,65.45469666
1737,2019-12-02,AAPL,64.69790649
1738,2019-12-03,AAPL,63.54433823
1739,2019-12-04,AAPL,64.10517883
1740,2019-12-05,AAPL,65.04567719
1741,2019-12-06,AAPL,66.30213165
1742,2019-12-09,AAPL,65.37388611
1743,2019-12-10,AAPL,65.75595856
1744,2019-12-11,AAPL,66.31682587
1745,2019-12-12,AAPL,66.48581696
1746,2019-12-13,AAPL,67.38957214
1747,2019-12-16,AAPL,68.5431366
1748,2019-12-17,AAPL,68.67784119
1749,2019-12-18,AAPL,68.51374817
1750,2019-12-19,AAPL,68.58232117
1751,2019-12-20,AAPL,68.44026947
1752,2019-12-23,AAPL,69.55709839
1753,2019-12-24,AAPL,69.62322235
1754,2019-12-26,AAPL,71.00457764
1755,2019-12-27,AAPL,70.97763062
1756,2019-12-30,AAPL,71.39889526
1757,2019-12-31,AAPL,71.92058563
1758,2020-01-02,AAPL,73.5615387
1759,2020-01-03,AAPL,72.84637451
1760,2020-01-06,AAPL,73.42681885
1761,2020-01-07,AAPL,73.08150482
1762,2020-01-08,AAPL,74.25709534
1763,2020-01-09,AAPL,75.83438873
1764,2020-01-10,AAPL,76.00582123
1765,2020-01-13,AAPL,77.6296463
1766,2020-01-14,AAPL,76.58139038
1767,2020-01-15,AAPL,76.25320435
1768,2020-01-16,AAPL,77.20838165
1769,2020-01-17,AAPL,78.06316376
1770,2020-01-21,AAPL,77.53414154
1771,2020-01-22,AAPL,77.81088257
1772,2020-01-23,AAPL,78.18562317
1773,2020-01-24,AAPL,77.960289
1774,2020-01-27,AAPL,75.66785431
1775,2020-01-28,AAPL,77.80844116
1776,2020-01-29,AAPL,79.43713379
1777,2020-01-30,AAPL,79.32202911
1778,2020-01-31,AAPL,75.80500031
1779,2020-02-03,AAPL,75.59682465
1780,2020-02-04,AAPL,78.09255219
1781,2020-02-05,AAPL,78.72933197
1782,2020-02-06,AAPL,79.65022278
1783,2020-02-07,AAPL,78.56756592
1784,2020-02-10,AAPL,78.94072723
1785,2020-02-11,AAPL,78.46446228
1786,2020-02-12,AAPL,80.32781982
1787,2020-02-13,AAPL,79.75579834
1788,2020-02-14,AAPL,79.77542114
1789,2020-02-18,AAPL,78.31468964
1790,2020-02-19,AAPL,79.44891357
1791,2020-02-20,AAPL,78.6338501
1792,2020-02-21,AAPL,76.85398102
1793,2020-02-24,AAPL,73.20336151
1794,2020-02-25,AAPL,70.72382355
1795,2020-02-26,AAPL,71.84576416
1796,2020-02-27,AAPL,67.14933777
1797,2020-02-28,AAPL,67.11006927
1798,2020-03-02,AAPL,73.35803223
1799,2020-03-03,AAPL,71.02824402
1800,2020-03-04,AAPL,74.32285309
1801,2020-03-05,AAPL,71.91204071
1802,2020-03-06,AAPL,70.95704651
1803,2020-03-09,AAPL,65.34490204
1804,2020-03-10,AAPL,70.05115509
1805,2020-03-11,AAPL,67.61824799
1806,2020-03-12,AAPL,60.94062805
1807,2020-03-13,AAPL,68.24181366
1808,2020-03-16,AAPL,59.46271133
1809,2020-03-17,AAPL,62.07728958
1810,2020-03-18,AAPL,60.55764771
1811,2020-03-19,AAPL,60.093647
1812,2020-03-20,AAPL,56.27856827
1813,2020-03-23,AAPL,55.08297729
1814,2020-03-24,AAPL,60.60920334
1815,2020-03-25,AAPL,60.27531815
1816,2020-03-26,AAPL,63.44718933
1817,2020-03-27,AAPL,60.82032776
1818,2020-03-30,AAPL,62.55602264
1819,2020-03-31,AAPL,62.42835236
1820,2020-04-01,AAPL,59.14356232
1821,2020-04-02,AAPL,60.13046646
1822,2020-04-03,AAPL,59.26631546
1823,2020-04-06,AAPL,64.43656158
1824,2020-04-07,AAPL,63.69021988
1825,2020-04-08,AAPL,65.32035828
1826,2020-04-09,AAPL,65.7917099
1827,2020-04-13,AAPL,67.08306122
1828,2020-04-14,AAPL,70.47096252
1829,2020-04-15,AAPL,69.82774353
1830,2020-04-16,AAPL,70.38257599
1831,2020-04-17,AAPL,69.42758942
1832,2020-04-20,AAPL,67.98649597
1833,2020-04-21,AAPL,65.8850174
1834,2020-04-22,AAPL,67.7827301
1835,2020-04-23,AAPL,67.52004242
1836,2020-04-24,AAPL,69.46932983
1837,2020-04-27,AAPL,69.51842499
1838,2020-04-28,AAPL,68.39156342
1839,2020-04-29,AAPL,70.63790894
1840,2020-04-30,AAPL,72.12808228
1841,2020-05-01,AAPL,70.96688843
1842,2020-05-04,AAPL,71.97097778
1843,2020-05-05,AAPL,73.05116272
1844,2020-05-06,AAPL,73.80485535
1845,2020-05-07,AAPL,74.568367
1846,2020-05-08,AAPL,76.34321594
1847,2020-05-11,AAPL,77.54449463
1848,2020-05-12,AAPL,76.65830231
1849,2020-05-13,AAPL,75.73271942
1850,2020-05-14,AAPL,76.19798279
1851,2020-05-15,AAPL,75.74748993
1852,2020-05-18,AAPL,77.53218842
1853,2020-05-19,AAPL,77.08417511
1854,2020-05-20,AAPL,78.58332062
1855,2020-05-21,AAPL,77.99744415
1856,2020-05-22,AAPL,78.49962616
1857,2020-05-26,AAPL,77.96791077
1858,2020-05-27,AAPL,78.30760956
1859,2020-05-28,AAPL,78.34207916
1860,2020-05-29,AAPL,78.26576996
1861,2020-06-01,AAPL,79.22827148
1862,2020-06-02,AAPL,79.59506226
1863,2020-06-03,AAPL,80.03321838
1864,2020-06-04,AAPL,79.34397125
1865,2020-06-05,AAPL,81.60375977
1866,2020-06-08,AAPL,82.08624268
1867,2020-06-09,AAPL,84.67835999
1868,2020-06-10,AAPL,86.85694122
1869,2020-06-11,AAPL,82.68688965
1870,2020-06-12,AAPL,83.40076447
1871,2020-06-15,AAPL,84.4322052
1872,2020-06-16,AAPL,86.66984558
1873,2020-06-17,AAPL,86.54921722
1874,2020-06-18,AAPL,86.58370209
1875,2020-06-19,AAPL,86.08889771
1876,2020-06-22,AAPL,88.34130859
1877,2020-06-23,AAPL,90.22693634
1878,2020-06-24,AAPL,88.6342392
1879,2020-06-25,AAPL,89.81091309
1880,2020-06-26,AAPL,87.05139923
1881,2020-06-29,AAPL,89.05764008
1882,2020-06-30,AAPL,89.80107117
1883,2020-07-01,AAPL,89.63121033
1884,2020-07-02,AAPL,89.63121033
1885,2020-07-06,AAPL,92.028862
1886,2020-07-07,AAPL,91.74331665
1887,2020-07-08,AAPL,93.88002014
1888,2020-07-09,AAPL,94.28373718
1889,2020-07-10,AAPL,94.44866943
1890,2020-07-13,AAPL,94.01296234
1891,2020-07-14,AAPL,95.56871796
1892,2020-07-15,AAPL,96.22597504
1893,2020-07-16,AAPL,95.04191589
1894,2020-07-17,AAPL,94.84991455
1895,2020-07-20,AAPL,96.84877777
1896,2020-07-21,AAPL,95.51210022
1897,2020-07-22,AAPL,95.78041077
1898,2020-07-23,AAPL,91.4208374
1899,2020-07-24,AAPL,91.19435883
1900,2020-07-27,AAPL,93.35569
1901,2020-07-28,AAPL,91.82209015
1902,2020-07-29,AAPL,93.58216858
1903,2020-07-30,AAPL,94.71453094
1904,2020-07-31,AAPL,104.6300583
1905,2020-08-03,AAPL,107.2664795
1906,2020-08-04,AAPL,107.9828339
1907,2020-08-05,AAPL,108.3742523
1908,2020-08-06,AAPL,112.1553268
1909,2020-08-07,AAPL,109.6053848
1910,2020-08-10,AAPL,111.1984863
1911,2020-08-11,AAPL,107.891449
1912,2020-08-12,AAPL,111.4771652
1913,2020-08-13,AAPL,113.4500275
1914,2020-08-14,AAPL,113.3489304
1915,2020-08-17,AAPL,113.0529861
1916,2020-08-18,AAPL,113.9950333
1917,2020-08-19,AAPL,114.1380615
1918,2020-08-20,AAPL,116.6707382
1919,2020-08-21,AAPL,122.683075
1920,2020-08-24,AAPL,124.150383
1921,2020-08-25,AAPL,123.1318893
1922,2020-08-26,AAPL,124.806366
1923,2020-08-27,AAPL,123.3143845
1924,2020-08-28,AAPL,123.1146393
1925,2020-08-31,AAPL,127.2897186
1926,2020-09-01,AAPL,132.3600006
1927,2020-09-02,AAPL,129.6177216
1928,2020-09-03,AAPL,119.2403946
1929,2020-09-04,AAPL,119.3193283
1930,2020-09-08,AAPL,111.2897415
1931,2020-09-09,AAPL,115.7286987
1932,2020-09-10,AAPL,111.9506378
1933,2020-09-11,AAPL,110.4808426
1934,2020-09-14,AAPL,113.7952728
1935,2020-09-15,AAPL,113.9728394
1936,2020-09-16,AAPL,110.6090927
1937,2020-09-17,AAPL,108.8433762
1938,2020-09-18,AAPL,105.3908386
1939,2020-09-21,AAPL,108.5869064
1940,2020-09-22,AAPL,110.2934341
1941,2020-09-23,AAPL,105.6670532
1942,2020-09-24,AAPL,106.752121
1943,2020-09-25,AAPL,110.7570496
1944,2020-09-28,AAPL,113.4007034
1945,2020-09-29,AAPL,112.5424957
1946,2020-09-30,AAPL,114.2391739
1947,2020-10-01,AAPL,115.2058868
1948,2020-10-02,AAPL,111.4870148
1949,2020-10-05,AAPL,114.9198227
1950,2020-10-06,AAPL,111.6251144
1951,2020-10-07,AAPL,113.5190811
1952,2020-10-08,AAPL,113.4105682
1953,2020-10-09,AAPL,115.3834457
1954,2020-10-12,AAPL,122.7126617
1955,2020-10-13,AAPL,119.457428
1956,2020-10-14,AAPL,119.5462036
1957,2020-10-15,AAPL,119.0727081
1958,2020-10-16,AAPL,117.405632
1959,2020-10-19,AAPL,114.4068832
1960,2020-10-20,AAPL,115.9161148
1961,2020-10-21,AAPL,115.2848053
1962,2020-10-22,AAPL,114.1799927
1963,2020-10-23,AAPL,113.4796219
1964,2020-10-26,AAPL,113.4894867
1965,2020-10-27,AAPL,115.0184555
1966,2020-10-28,AAPL,109.6917191
1967,2020-10-29,AAPL,113.7558289
1968,2020-10-30,AAPL,107.3834381
1969,2020-11-02,AAPL,107.2946625
1970,2020-11-03,AAPL,108.9420166
1971,2020-11-04,AAPL,113.3908386
1972,2020-11-05,AAPL,117.4155045
1973,2020-11-06,AAPL,117.2821045
1974,2020-11-09,AAPL,114.9402161
1975,2020-11-10,AAPL,114.594368
1976,2020-11-11,AAPL,118.0726242
1977,2020-11-12,AAPL,117.7959442
1978,2020-11-13,AAPL,117.8453445
1979,2020-11-16,AAPL,118.8730164
1980,2020-11-17,AAPL,117.9738007
1981,2020-11-18,AAPL,116.629921
1982,2020-11-19,AAPL,117.2326965
1983,2020-11-20,AAPL,115.9481201
1984,2020-11-23,AAPL,112.4995193
1985,2020-11-24,AAPL,113.8038635
1986,2020-11-25,AAPL,114.6536484
1987,2020-11-27,AAPL,115.2070084
1988,2020-11-30,AAPL,117.6378326
1989,2020-12-01,AAPL,121.2643127
1990,2020-12-02,AAPL,121.620018
1991,2020-12-03,AAPL,121.4817047
1992,2020-12-04,AAPL,120.7998734
1993,2020-12-07,AAPL,122.2820892
1994,2020-12-08,AAPL,122.9046097
1995,2020-12-09,AAPL,120.3354492
1996,2020-12-10,AAPL,121.7781296
1997,2020-12-11,AAPL,120.9579849
1998,2020-12-14,AAPL,120.3354492
1999,2020-12-15,AAPL,126.3630829
2000,2020-12-16,AAPL,126.2939224
2001,2020-12-17,AAPL,127.1733627
2002,2020-12-18,AAPL,125.1575699
2003,2020-12-21,AAPL,126.708931
2004,2020-12-22,AAPL,130.3156433
2005,2020-12-23,AAPL,129.4065399
2006,2020-12-24,AAPL,130.4045868
2007,2020-12-28,AAPL,135.0686188
2008,2020-12-29,AAPL,133.2701721
2009,2020-12-30,AAPL,132.1338348
2010,2020-12-31,AAPL,131.1160278
2011,2021-01-04,AAPL,127.8749542
2012,2021-01-05,AAPL,129.4559631
2013,2021-01-06,AAPL,125.0982819
2014,2021-01-07,AAPL,129.3670197
2015,2021-01-08,AAPL,130.4836273
2016,2021-01-11,AAPL,127.4500504
2017,2021-01-12,AAPL,127.2721863
2018,2021-01-13,AAPL,129.3374023
2019,2021-01-14,AAPL,127.3808899
2020,2021-01-15,AAPL,125.6318665
2021,2021-01-19,AAPL,126.3136978
2022,2021-01-20,AAPL,130.4638824
2023,2021-01-21,AAPL,135.2464447
2024,2021-01-22,AAPL,137.4203796
2025,2021-01-25,AAPL,141.2247009
2026,2021-01-26,AAPL,141.461853
2027,2021-01-27,AAPL,140.3748932
2028,2021-01-28,AAPL,135.4638519
2029,2021-01-29,AAPL,130.3946991
2030,2021-02-01,AAPL,132.5488434
2031,2021-02-02,AAPL,133.3887634
2032,2021-02-03,AAPL,132.3512268
2033,2021-02-04,AAPL,135.7602997
2034,2021-02-05,AAPL,135.3396759
2035,2021-02-08,AAPL,135.4881439
2036,2021-02-09,AAPL,134.5974884
2037,2021-02-10,AAPL,133.9839325
2038,2021-02-11,AAPL,133.7266388
2039,2021-02-12,AAPL,133.9641266
2040,2021-02-16,AAPL,131.8067474
2041,2021-02-17,AAPL,129.4811859
2042,2021-02-18,AAPL,128.362915
2043,2021-02-19,AAPL,128.5212402
2044,2021-02-22,AAPL,124.6914444
2045,2021-02-23,AAPL,124.5529022
2046,2021-02-24,AAPL,124.0481949
2047,2021-02-25,AAPL,119.7334671
2048,2021-02-26,AAPL,120.0006638
2049,2021-03-01,AAPL,126.4628448
2050,2021-03-02,AAPL,123.8205948
2051,2021-03-03,AAPL,120.7923737
2052,2021-03-04,AAPL,118.8824005
2053,2021-03-05,AAPL,120.1590118
2054,2021-03-08,AAPL,115.1515503
2055,2021-03-09,AAPL,119.8324356
2056,2021-03-10,AAPL,118.733963
2057,2021-03-11,AAPL,120.6934052
2058,2021-03-12,AAPL,119.773056
2059,2021-03-15,AAPL,122.7023087
2060,2021-03-16,AAPL,124.2659073
2061,2021-03-17,AAPL,123.4643326
2062,2021-03-18,AAPL,119.278244
2063,2021-03-19,AAPL,118.7438583
2064,2021-03-22,AAPL,122.108551
2065,2021-03-23,AAPL,121.2673721
2066,2021-03-24,AAPL,118.8428116
2067,2021-03-25,AAPL,119.3376236
2068,2021-03-26,AAPL,119.9511871
2069,2021-03-29,AAPL,120.1293259
2070,2021-03-30,AAPL,118.6547928
2071,2021-03-31,AAPL,120.881424
2072,2021-04-01,AAPL,121.7225952
2073,2021-04-05,AAPL,124.5924835
2074,2021-04-06,AAPL,124.8992691
2075,2021-04-07,AAPL,126.5717087
2076,2021-04-08,AAPL,129.0061646
2077,2021-04-09,AAPL,131.6187286
2078,2021-04-12,AAPL,129.8770599
2079,2021-04-13,AAPL,133.0338898
2080,2021-04-14,AAPL,130.6588135
2081,2021-04-15,AAPL,133.1031799
2082,2021-04-16,AAPL,132.7667236
2083,2021-04-19,AAPL,133.439621
2084,2021-04-20,AAPL,131.7276001
2085,2021-04-21,AAPL,132.1135559
2086,2021-04-22,AAPL,130.5697479
2087,2021-04-23,AAPL,132.9250336
2088,2021-04-26,AAPL,133.3208923
2089,2021-04-27,AAPL,132.9943085
2090,2021-04-28,AAPL,132.1927185
2091,2021-04-29,AAPL,132.09375
2092,2021-04-30,AAPL,130.0947571
2093,2021-05-03,AAPL,131.1634979
2094,2021-05-04,AAPL,126.5222321
2095,2021-05-05,AAPL,126.7696381
2096,2021-05-06,AAPL,128.3926086
2097,2021-05-07,AAPL,129.0766144
2098,2021-05-10,AAPL,125.745842
2099,2021-05-11,AAPL,124.8140259
2100,2021-05-12,AAPL,121.701355
2101,2021-05-13,AAPL,123.8822021
2102,2021-05-14,AAPL,126.3406219
2103,2021-05-17,AAPL,125.1708832
2104,2021-05-18,AAPL,123.7632523
2105,2021-05-19,AAPL,123.6046371
2106,2021-05-20,AAPL,126.2018356
2107,2021-05-21,AAPL,124.3382034
2108,2021-05-24,AAPL,125.9936676
2109,2021-05-25,AAPL,125.7954025
2110,2021-05-26,AAPL,125.745842
2111,2021-05-27,AAPL,124.1895142
2112,2021-05-28,AAPL,123.5253525
2113,2021-06-01,AAPL,123.1982117
2114,2021-06-02,AAPL,123.9714279
2115,2021-06-03,AAPL,122.464653
2116,2021-06-04,AAPL,124.7942047
2117,2021-06-07,AAPL,124.8041153
2118,2021-06-08,AAPL,125.6368027
2119,2021-06-09,AAPL,126.0233994
2120,2021-06-10,AAPL,125.0122833
2121,2021-06-11,AAPL,126.241478
2122,2021-06-14,AAPL,129.344223
2123,2021-06-15,AAPL,128.5115509
2124,2021-06-16,AAPL,129.0171204
2125,2021-06-17,AAPL,130.6428375
2126,2021-06-18,AAPL,129.3244171
2127,2021-06-21,AAPL,131.1483917
2128,2021-06-22,AAPL,132.8137665
2129,2021-06-23,AAPL,132.5362091
2130,2021-06-24,AAPL,132.2487335
2131,2021-06-25,AAPL,131.9513397
2132,2021-06-28,AAPL,133.6068115
2133,2021-06-29,AAPL,135.1433105
2134,2021-06-30,AAPL,135.7678528
2135,2021-07-01,AAPL,136.0751495
2136,2021-07-02,AAPL,138.741745
2137,2021-07-06,AAPL,140.7837982
2138,2021-07-07,AAPL,143.3115997
2139,2021-07-08,AAPL,141.9931946
2140,2021-07-09,AAPL,143.8468933
2141,2021-07-12,AAPL,143.242218
2142,2021-07-13,AAPL,144.3722687
2143,2021-07-14,AAPL,147.8517303
2144,2021-07-15,AAPL,147.1875458
2145,2021-07-16,AAPL,145.1157532
2146,2021-07-19,AAPL,141.2100525
2147,2021-07-20,AAPL,144.8778534
2148,2021-07-21,AAPL,144.1343689
2149,2021-07-22,AAPL,145.5221863
2150,2021-07-23,AAPL,147.2668762
2151,2021-07-26,AAPL,147.6931305
2152,2021-07-27,AAPL,145.4924622
2153,2021-07-28,AAPL,143.7180176
2154,2021-07-29,AAPL,144.3722687
2155,2021-07-30,AAPL,144.5903473
2156,2021-08-02,AAPL,144.2533417
2157,2021-08-03,AAPL,146.0773163
2158,2021-08-04,AAPL,145.6708679
2159,2021-08-05,AAPL,145.7799377
2160,2021-08-06,AAPL,145.0849762
2161,2021-08-09,AAPL,145.0353394
2162,2021-08-10,AAPL,144.5488739
2163,2021-08-11,AAPL,144.8070068
2164,2021-08-12,AAPL,147.8151398
2165,2021-08-13,AAPL,148.0236206
2166,2021-08-16,AAPL,150.0290375
2167,2021-08-17,AAPL,149.1057587
2168,2021-08-18,AAPL,145.3033905
2169,2021-08-19,AAPL,145.6409454
2170,2021-08-20,AAPL,147.1202087
2171,2021-08-23,AAPL,148.6292419
2172,2021-08-24,AAPL,148.539856
2173,2021-08-25,AAPL,147.2889557
2174,2021-08-26,AAPL,146.4748688
2175,2021-08-27,AAPL,147.5272369
2176,2021-08-30,AAPL,152.0146027
2177,2021-08-31,AAPL,150.7339172
2178,2021-09-01,AAPL,151.4089813
2179,2021-09-02,AAPL,152.5407715
2180,2021-09-03,AAPL,153.1860809
2181,2021-09-07,AAPL,155.5588074
2182,2021-09-08,AAPL,153.9902191
2183,2021-09-09,AAPL,152.9577484
2184,2021-09-10,AAPL,147.8945465
2185,2021-09-13,AAPL,148.4703674
2186,2021-09-14,AAPL,147.0506897
2187,2021-09-15,AAPL,147.9541168
2188,2021-09-16,AAPL,147.7158356
2189,2021-09-17,AAPL,145.0055542
2190,2021-09-20,AAPL,141.9080963
2191,2021-09-21,AAPL,142.3945313
2192,2021-09-22,AAPL,144.7970886
2193,2021-09-23,AAPL,145.7700195
2194,2021-09-24,AAPL,145.8593445
2195,2021-09-27,AAPL,144.3205261
2196,2021-09-28,AAPL,140.8855133
2197,2021-09-29,AAPL,141.7988892
2198,2021-09-30,AAPL,140.4784851
2199,2021-10-01,AAPL,141.6201782
2200,2021-10-04,AAPL,138.1355133
2201,2021-10-05,AAPL,140.0913086
2202,2021-10-06,AAPL,140.9748688
2203,2021-10-07,AAPL,142.2555695
2204,2021-10-08,AAPL,141.8683777
2205,2021-10-11,AAPL,141.7790375
2206,2021-10-12,AAPL,140.4884033
2207,2021-10-13,AAPL,139.892746
2208,2021-10-14,AAPL,142.722168
2209,2021-10-15,AAPL,143.7943726
2210,2021-10-18,AAPL,145.4920197
2211,2021-10-19,AAPL,147.6860657
2212,2021-10-20,AAPL,148.1824799
2213,2021-10-21,AAPL,148.4008789
2214,2021-10-22,AAPL,147.6165619
2215,2021-10-25,AAPL,147.5669556
2216,2021-10-26,AAPL,148.2420349
2217,2021-10-27,AAPL,147.7754364
2218,2021-10-28,AAPL,151.4685669
2219,2021-10-29,AAPL,148.7185669
2220,2021-11-01,AAPL,147.8846283
2221,2021-11-02,AAPL,148.9369812
2222,2021-11-03,AAPL,150.3963623
2223,2021-11-04,AAPL,149.8701782
2224,2021-11-05,AAPL,150.4070587
2225,2021-11-08,AAPL,149.5719299
2226,2021-11-09,AAPL,149.9397736
2227,2021-11-10,AAPL,147.0664368
2228,2021-11-11,AAPL,147.0167542
2229,2021-11-12,AAPL,149.124527
2230,2021-11-15,AAPL,149.1344604
2231,2021-11-16,AAPL,150.1286774
2232,2021-11-17,AAPL,152.6043243
2233,2021-11-18,AAPL,156.9590302
2234,2021-11-19,AAPL,159.6235809
2235,2021-11-22,AAPL,160.0908813
2236,2021-11-23,AAPL,160.4786224
2237,2021-11-24,AAPL,161.0055695
2238,2021-11-26,AAPL,155.9051666
2239,2021-11-29,AAPL,159.3153687
2240,2021-11-30,AAPL,164.3461609
2241,2021-12-01,AAPL,163.8192444
2242,2021-12-02,AAPL,162.8150482
2243,2021-12-03,AAPL,160.9061279
2244,2021-12-06,AAPL,164.3660583
2245,2021-12-07,AAPL,170.1922302
2246,2021-12-08,AAPL,174.0697327
2247,2021-12-09,AAPL,173.5527496
2248,2021-12-10,AAPL,178.4145203
2249,2021-12-13,AAPL,174.7259369
2250,2021-12-14,AAPL,173.3240814
2251,2021-12-15,AAPL,178.2654114
2252,2021-12-16,AAPL,171.2660065
2253,2021-12-17,AAPL,170.1524658
2254,2021-12-20,AAPL,168.7704773
2255,2021-12-21,AAPL,171.991806
2256,2021-12-22,AAPL,174.6265106
2257,2021-12-23,AAPL,175.2628174
2258,2021-12-27,AAPL,179.289444
2259,2021-12-28,AAPL,178.2554321
2260,2021-12-29,AAPL,178.3449249
2261,2021-12-30,AAPL,177.1717224
2262,2021-12-31,AAPL,176.5453644
2263,2022-01-03,AAPL,180.9597473
2264,2022-01-04,AAPL,178.6630707
2265,2022-01-05,AAPL,173.9106598
2266,2022-01-06,AAPL,171.0075073
2267,2022-01-07,AAPL,171.1765289
2268,2022-01-10,AAPL,171.1964264
2269,2022-01-11,AAPL,174.0697327
2270,2022-01-12,AAPL,174.5171509
2271,2022-01-13,AAPL,171.1964264
2272,2022-01-14,AAPL,172.0713348
2273,2022-01-18,AAPL,168.8202057
2274,2022-01-19,AAPL,165.2707977
2275,2022-01-20,AAPL,163.56073
2276,2022-01-21,AAPL,161.4728546
2277,2022-01-24,AAPL,160.6873932
2278,2022-01-25,AAPL,158.858017
2279,2022-01-26,AAPL,158.7685394
2280,2022-01-27,AAPL,158.3012543
2281,2022-01-28,AAPL,169.3471527
2282,2022-01-31,AAPL,173.7714691
2283,2022-02-01,AAPL,173.6024475
2284,2022-02-02,AAPL,174.8253479
2285,2022-02-03,AAPL,171.9023132
2286,2022-02-04,AAPL,171.6136322
2287,2022-02-07,AAPL,170.8869171
2288,2022-02-08,AAPL,174.0426331
2289,2022-02-09,AAPL,175.4860992
2290,2022-02-10,AAPL,171.3448334
2291,2022-02-11,AAPL,167.8805237
2292,2022-02-14,AAPL,168.1194458
2293,2022-02-15,AAPL,172.0118103
2294,2022-02-16,AAPL,171.7729034
2295,2022-02-17,AAPL,168.1194458
2296,2022-02-18,AAPL,166.5465546
2297,2022-02-22,AAPL,163.5799866
2298,2022-02-23,AAPL,159.3491211
2299,2022-02-24,AAPL,162.0070801
2300,2022-02-25,AAPL,164.1075897
2301,2022-02-28,AAPL,164.376358
2302,2022-03-01,AAPL,162.4650116
2303,2022-03-02,AAPL,165.8098755
2304,2022-03-03,AAPL,165.481369
2305,2022-03-04,AAPL,162.4351349
2306,2022-03-07,AAPL,158.5825806
2307,2022-03-08,AAPL,156.7309418
2308,2022-03-09,AAPL,162.2161255
2309,2022-03-10,AAPL,157.8060913
2310,2022-03-11,AAPL,154.0331421
2311,2022-03-14,AAPL,149.9416504
2312,2022-03-15,AAPL,154.3915405
2313,2022-03-16,AAPL,158.8712616
2314,2022-03-17,AAPL,159.896637
2315,2022-03-18,AAPL,163.2415009
2316,2022-03-21,AAPL,164.6351929
2317,2022-03-22,AAPL,168.0597229
2318,2022-03-23,AAPL,169.4434357
2319,2022-03-24,AAPL,173.2860565
2320,2022-03-25,AAPL,173.933136
2321,2022-03-28,AAPL,174.8091736
2322,2022-03-29,AAPL,178.1540527
2323,2022-03-30,AAPL,176.9694061
2324,2022-03-31,AAPL,173.8236389
2325,2022-04-01,AAPL,173.5249634
2326,2022-04-04,AAPL,177.6363831
2327,2022-04-05,AAPL,174.2715912
2328,2022-04-06,AAPL,171.0561371
2329,2022-04-07,AAPL,171.3647461
2330,2022-04-08,AAPL,169.3239746
2331,2022-04-11,AAPL,165.0035248
2332,2022-04-12,AAPL,166.9049377
2333,2022-04-13,AAPL,169.6325836
2334,2022-04-14,AAPL,164.5455933
2335,2022-04-18,AAPL,164.3265991
2336,2022-04-19,AAPL,166.6460876
2337,2022-04-20,AAPL,166.4768677
2338,2022-04-21,AAPL,165.670517
2339,2022-04-22,AAPL,161.0613556
2340,2022-04-25,AAPL,162.1464691
2341,2022-04-26,AAPL,156.0938568
2342,2022-04-27,AAPL,155.8648834
2343,2022-04-28,AAPL,162.9030304
2344,2022-04-29,AAPL,156.9399872
2345,2022-05-02,AAPL,157.2486267
2346,2022-05-03,AAPL,158.7617645
2347,2022-05-04,AAPL,165.2723236
2348,2022-05-05,AAPL,156.0639801
2349,2022-05-06,AAPL,156.8017273
2350,2022-05-09,AAPL,151.5975952
2351,2022-05-10,AAPL,154.0401306
2352,2022-05-11,AAPL,146.0545044
2353,2022-05-12,AAPL,142.1264801
2354,2022-05-13,AAPL,146.6626434
2355,2022-05-16,AAPL,145.0974121
2356,2022-05-17,AAPL,148.7861786
2357,2022-05-18,AAPL,140.3917847
2358,2022-05-19,AAPL,136.9323425
2359,2022-05-20,AAPL,137.1716003
2360,2022-05-23,AAPL,142.6748199
2361,2022-05-24,AAPL,139.9331818
2362,2022-05-25,AAPL,140.0926971
2363,2022-05-26,AAPL,143.3427734
2364,2022-05-27,AAPL,149.1849518
2365,2022-05-31,AAPL,148.3873901
2366,2022-06-01,AAPL,148.2577972
2367,2022-06-02,AAPL,150.7501831
2368,2022-06-03,AAPL,144.937912
2369,2022-06-06,AAPL,145.6956024
2370,2022-06-07,AAPL,148.2577972
2371,2022-06-08,AAPL,147.5100708
2372,2022-06-09,AAPL,142.2062531
2373,2022-06-10,AAPL,136.7130127
2374,2022-06-13,AAPL,131.4789581
2375,2022-06-14,AAPL,132.3562775
2376,2022-06-15,AAPL,135.018158
2377,2022-06-16,AAPL,129.6644897
2378,2022-06-17,AAPL,131.1599274
2379,2022-06-21,AAPL,135.4568176
2380,2022-06-22,AAPL,134.9384155
2381,2022-06-23,AAPL,137.8495331
2382,2022-06-24,AAPL,141.2292328
2383,2022-06-27,AAPL,141.2292328
2384,2022-06-28,AAPL,137.0220642
2385,2022-06-29,AAPL,138.8066101
2386,2022-06-30,AAPL,136.304245
2387,2022-07-01,AAPL,138.5075073
2388,2022-07-05,AAPL,141.1295319
2389,2022-07-06,AAPL,142.4853821
2390,2022-07-07,AAPL,145.9049683
2391,2022-07-08,AAPL,146.5928497
2392,2022-07-11,AAPL,144.4294586
2393,2022-07-12,AAPL,145.4164429
2394,2022-07-13,AAPL,145.0475769
2395,2022-07-14,AAPL,148.0185242
2396,2022-07-15,AAPL,149.7133331
2397,2022-07-18,AAPL,146.6227875
2398,2022-07-19,AAPL,150.5408173
2399,2022-07-20,AAPL,152.5746155
2400,2022-07-21,AAPL,154.877594
2401,2022-07-22,AAPL,153.6214142
2402,2022-07-25,AAPL,152.4848938
2403,2022-07-26,AAPL,151.1389923
2404,2022-07-27,AAPL,156.3132019
2405,2022-07-28,AAPL,156.871521
2406,2022-07-29,AAPL,162.0158081
2407,2022-08-01,AAPL,161.0188446
2408,2022-08-02,AAPL,159.523407
2409,2022-08-03,AAPL,165.6248169
2410,2022-08-04,AAPL,165.3057861
2411,2022-08-05,AAPL,165.0761719
2412,2022-08-08,AAPL,164.5969543
2413,2022-08-09,AAPL,164.6468658
2414,2022-08-10,AAPL,168.9597321
2415,2022-08-11,AAPL,168.210968
2416,2022-08-12,AAPL,171.8149872
2417,2022-08-15,AAPL,172.903183
2418,2022-08-16,AAPL,172.7434387
2419,2022-08-17,AAPL,174.2609253
2420,2022-08-18,AAPL,173.8615875
2421,2022-08-19,AAPL,171.2359467
2422,2022-08-22,AAPL,167.2924957
2423,2022-08-23,AAPL,166.9530487
2424,2022-08-24,AAPL,167.2525482
2425,2022-08-25,AAPL,169.7484131
2426,2022-08-26,AAPL,163.3490143
2427,2022-08-29,AAPL,161.1127472
2428,2022-08-30,AAPL,158.6468353
2429,2022-08-31,AAPL,156.9596252
2430,2022-09-01,AAPL,157.69841
2431,2022-09-02,AAPL,155.5519562
2432,2022-09-06,AAPL,154.2740784
2433,2022-09-07,AAPL,155.7017212
2434,2022-09-08,AAPL,154.2042084
2435,2022-09-09,AAPL,157.109375
2436,2022-09-12,AAPL,163.1593323
2437,2022-09-13,AAPL,153.5852203
2438,2022-09-14,AAPL,155.0527802
2439,2022-09-15,AAPL,152.1176453
2440,2022-09-16,AAPL,150.4504242
2441,2022-09-19,AAPL,154.2241516
2442,2022-09-20,AAPL,156.640152
2443,2022-09-21,AAPL,153.4654236
2444,2022-09-22,AAPL,152.4870453
2445,2022-09-23,AAPL,150.1808624
2446,2022-09-26,AAPL,150.5203094
2447,2022-09-27,AAPL,151.508667
2448,2022-09-28,AAPL,149.5918427
2449,2022-09-29,AAPL,142.2440338
2450,2022-09-30,AAPL,137.9711151
2451,2022-10-03,AAPL,142.2140808
2452,2022-10-04,AAPL,145.8580475
2453,2022-10-05,AAPL,146.1575317
2454,2022-10-06,AAPL,145.1891479
2455,2022-10-07,AAPL,139.8579865
2456,2022-10-10,AAPL,140.187439
2457,2022-10-11,AAPL,138.7498322
2458,2022-10-12,AAPL,138.1108856
2459,2022-10-13,AAPL,142.7532043
2460,2022-10-14,AAPL,138.1508331
2461,2022-10-17,AAPL,142.1741638
2462,2022-10-18,AAPL,143.5119324
2463,2022-10-19,AAPL,143.6217499
2464,2022-10-20,AAPL,143.1525269
2465,2022-10-21,AAPL,147.0261078
2466,2022-10-24,AAPL,149.2024841
2467,2022-10-25,AAPL,152.0877075
2468,2022-10-26,AAPL,149.1026611
2469,2022-10-27,AAPL,144.5601959
2470,2022-10-28,AAPL,155.4820862
2471,2022-10-31,AAPL,153.0860443
2472,2022-11-01,AAPL,150.4004974
2473,2022-11-02,AAPL,144.7898102
2474,2022-11-03,AAPL,138.6500092
2475,2022-11-04,AAPL,138.3800049
2476,2022-11-07,AAPL,138.9199982
2477,2022-11-08,AAPL,139.5
2478,2022-11-09,AAPL,134.8699951
2479,2022-11-10,AAPL,146.8699951
2480,2022-11-11,AAPL,149.6999969
2481,2022-11-14,AAPL,148.2799988
2482,2022-11-15,AAPL,150.0399933
2483,2022-11-16,AAPL,148.7899933
2484,2022-11-17,AAPL,150.7200012
2485,2022-11-18,AAPL,151.2899933
2486,2022-11-21,AAPL,148.0099945
2487,2022-11-22,AAPL,150.1799927
2488,2022-11-23,AAPL,151.0700073
2489,2022-11-25,AAPL,148.1100006
2490,2022-11-28,AAPL,144.2200012
2491,2022-11-29,AAPL,141.1699982
2492,2022-11-30,AAPL,148.0299988
2493,2022-12-01,AAPL,148.3099976
2494,2022-12-02,AAPL,147.8099976
2495,2022-12-05,AAPL,146.6300049
2496,2022-12-06,AAPL,142.9100037
2497,2022-12-07,AAPL,140.9400024
2498,2022-12-08,AAPL,142.6499939
2499,2022-12-09,AAPL,142.1600037
2500,2022-12-12,AAPL,144.4900055
2501,2022-12-13,AAPL,145.4700012
2502,2022-12-14,AAPL,143.2100067
2503,2022-12-15,AAPL,136.5
2504,2022-12-16,AAPL,134.5099945
2505,2022-12-19,AAPL,132.3699951
2506,2022-12-20,AAPL,132.3000031
2507,2022-12-21,AAPL,135.4499969
2508,2022-12-22,AAPL,132.2299957
2509,2022-12-23,AAPL,131.8600006
2510,2022-12-27,AAPL,130.0299988
2511,2022-12-28,AAPL,126.0400009
2512,2022-12-29,AAPL,129.6100006
2513,2022-12-30,AAPL,129.9299927
